index,thickness,radius,length_x/2,length_y/2,d,equal_S,equal_length,d2x,d2y,Force,Moduli,Poisson Ratio
0.0,0.4,1.5525,3.4897,2.1474,1.0648,490.7191,55.8357,2.0293,2.6741,60.8528,1.240085,-0.823175
1.0,0.4,0.9205,1.9376,1.1285,0.4299,283.3421,31.0017,1.0961,1.5018,149.444,5.274348,-0.881841
2.0,0.4,1.7001,4.4958,4.2673,1.2821,652.3103,71.9322,2.8828,4.8046,52.1082,0.798819,-0.451485
3.0,0.4,1.3738,3.6366,1.9381,0.8755,483.0027,58.186,2.4579,2.6436,86.8163,1.797441,-1.042957
4.0,0.4,0.6981,2.024,1.1341,0.6188,257.5101,32.3844,1.4097,1.4656,295.232,11.465012,-0.949972
5.0,0.8,2.0447,4.2281,2.9551,0.8836,1279.8933,67.6492,2.3227,3.6969,235.634,1.841033,-0.694756
6.0,0.8,1.8521,4.962,3.9877,0.9869,1409.3921,79.3918,3.2931,4.791,327.626,2.324585,-0.592968
7.0,0.4,1.4224,3.0205,2.3004,0.7263,455.7149,48.3283,1.6752,2.7625,65.3867,1.434825,-0.621624
8.0,0.4,0.8195,1.8632,1.1944,0.5384,263.6225,29.8118,1.0962,1.4829,189.985,7.206852,-0.771541
9.0,0.8,1.7132,3.7127,2.7082,0.8938,1103.9065,59.4035,2.1044,3.2984,326.515,2.957829,-0.651525
10.0,0.4,1.7859,4.4087,2.0829,1.069,592.1547,70.5395,2.8789,3.0045,50.5866,0.854284,-1.20822
11.0,0.4,0.5874,1.4386,0.9005,0.4011,198.122,23.0169,0.9008,1.1368,329.831,16.647367,-0.791708
12.0,0.4,0.6192,1.4746,0.9067,0.4205,204.2049,23.5944,0.9041,1.1472,302.41,14.809647,-0.807771
13.0,0.8,1.89,3.9723,2.3374,1.1643,1141.3928,63.5574,2.1861,2.955,286.06,2.50626,-0.847781
14.0,0.4,1.0304,3.0862,1.4468,0.6555,392.1245,49.3791,2.2729,2.0794,160.341,4.089025,-1.249907
15.0,1.3,1.6328,4.8397,2.8323,1.3181,2017.8625,77.4345,3.4258,3.6489,1464.65,7.258358,-0.879585
16.0,0.4,0.918,2.2571,1.4393,0.4553,317.6631,36.1135,1.446,1.8692,162.861,5.126832,-0.812995
17.0,0.8,0.9563,2.657,1.7654,0.8455,700.6835,42.5122,1.7802,2.1471,919.941,13.129256,-0.719029
18.0,1.2,1.7268,4.1928,3.4243,1.2286,1812.9377,67.0846,2.5549,3.9713,948.265,5.230528,-0.543959
19.0,1.4,1.9835,4.8335,3.0143,1.4189,2323.4972,77.3357,3.0043,3.7812,1184.91,5.099664,-0.782647
20.0,0.4,0.8351,2.4999,2.1033,0.784,337.3471,39.998,1.7217,2.4065,214.875,6.369489,-0.534901
21.0,0.8,1.533,3.2942,2.7625,0.9014,1000.5484,52.7076,1.8213,3.1876,378.487,3.782824,-0.527161
22.0,0.4,2.0114,3.5697,3.0271,1.0342,581.6417,57.1156,1.5849,3.3531,29.6173,0.509205,-0.506546
23.0,0.4,1.0421,2.5429,2.1649,0.5589,374.8159,40.6869,1.5748,2.5505,124.163,3.31268,-0.541463
24.0,0.4,1.6583,4.8393,3.0794,1.515,624.5081,77.4284,3.3453,3.7992,66.5253,1.065238,-0.811575
25.0,0.8,1.6617,4.0604,2.1943,0.868,1118.9124,64.9659,2.6227,3.0276,381.366,3.408337,-0.998809
26.0,0.4,1.7304,4.2712,3.7816,1.4583,616.8577,68.3385,2.6005,4.2324,47.8529,0.775745,-0.491409
27.0,0.8,1.3308,3.4332,2.0162,0.8276,930.4968,54.9314,2.263,2.65,559.256,6.010317,-0.887249
28.0,0.4,1.3638,3.5617,1.9775,0.5866,488.0129,56.9866,2.4303,2.739,84.6521,1.73461,-1.000162
29.0,0.4,0.6489,1.9164,1.0384,0.5374,243.1542,30.6624,1.3599,1.372,331.22,13.621809,-0.997887
30.0,0.4,1.5354,4.4535,3.9514,1.615,608.2061,71.2563,2.9876,4.4079,69.1121,1.136332,-0.483637
31.0,0.8,1.0416,3.07,2.4019,0.8562,826.3307,49.1193,2.1189,2.8267,841.207,10.179883,-0.591789
32.0,1.4,1.5813,4.546,3.8995,1.5174,2174.3132,72.7365,3.0523,4.4184,1673.95,7.698806,-0.497541
33.0,1.5,1.8494,4.8669,4.0259,1.5067,2558.2661,77.8698,3.1203,4.634,1529.1,5.977049,-0.529082
34.0,0.8,2.1076,3.8572,3.0723,0.9036,1241.7118,61.7146,1.8142,3.5904,204.691,1.648442,-0.561047
35.0,0.4,0.6837,1.8066,1.0228,0.5035,239.1663,28.9048,1.2,1.3384,282.319,11.80397,-0.929439
36.0,1.5,1.7216,4.7864,3.5495,1.5477,2410.0116,76.5823,3.1833,4.1772,1765.93,7.327466,-0.612795
37.0,0.4,1.9607,4.0285,3.4531,1.283,618.996,64.4563,2.1114,3.8641,33.4552,0.540478,-0.509353
38.0,0.4,0.6286,1.4719,0.8508,0.4143,203.549,23.5502,0.8958,1.1024,295.296,14.507244,-0.873963
39.0,0.4,1.2051,3.525,1.9924,0.8591,455.8501,56.4005,2.5031,2.631,119.883,2.629901,-0.971003
40.0,0.8,1.3297,3.7244,1.7571,0.8513,962.7041,59.59,2.6391,2.5254,596.09,6.191788,-1.197734
41.0,0.4,1.4158,2.9733,1.8753,0.5559,443.5932,47.5729,1.6864,2.4654,67.3024,1.517213,-0.811694
42.0,0.4,1.3662,3.8444,2.4981,1.2195,503.1019,61.5104,2.5989,3.0596,91.7049,1.82279,-0.784816
43.0,0.4,2.2164,4.7002,3.1985,0.8954,705.3308,75.2032,2.6672,4.0811,28.476,0.403725,-0.738095
44.0,0.8,1.469,4.0045,2.1958,0.88,1063.2793,64.0722,2.7626,2.9803,501.492,4.71648,-0.992023
45.0,1.5,1.8072,4.8212,2.5755,1.5136,2344.3726,77.1388,3.2047,3.3834,1687.68,7.198818,-0.94753
46.0,0.8,1.3693,3.2393,2.5662,0.8821,940.7625,51.829,1.948,3.0217,487.443,5.181381,-0.578028
47.0,0.8,1.6881,4.5828,2.7155,1.5456,1190.1989,73.3251,3.0373,3.3947,409.085,3.437129,-0.869772
48.0,0.4,1.9218,4.2384,2.6743,0.6994,624.8512,67.8152,2.5299,3.5542,38.641,0.618411,-0.826326
49.0,0.4,1.6243,2.7903,4.6725,0.6645,558.7101,44.6456,1.175,4.8428,34.655,0.620279,-0.183979
50.0,0.4,1.0179,2.5098,2.0894,0.7771,360.0082,40.1561,1.5397,2.398,130.235,3.617493,-0.542857
51.0,1.2,2.0105,4.8864,2.8402,1.4149,1997.7651,78.1819,3.0508,3.6605,804.862,4.028786,-0.873774
52.0,1.3,1.5049,4.4659,2.6822,1.4859,1836.7276,71.4552,3.1129,3.3411,1627.48,8.860858,-0.822154
53.0,0.4,1.4826,3.487,1.8359,1.0585,472.9416,55.7923,2.1302,2.4334,70.4755,1.49016,-1.0215
54.0,0.8,1.2334,3.1831,1.6518,0.8383,844.6445,50.9296,2.1082,2.2567,633.405,7.499072,-1.026991
55.0,0.8,2.3265,4.7353,2.9962,0.8972,1428.9884,75.7645,2.6014,3.9232,187.945,1.315226,-0.796918
56.0,0.4,1.6858,4.3659,2.1804,0.9951,582.4567,69.8541,2.9405,3.0805,58.2953,1.000848,-1.137889
57.0,0.4,2.065,4.6188,3.7289,1.3406,683.8331,73.9,2.6413,4.3237,32.7538,0.478968,-0.569789
58.0,0.4,1.7115,4.6981,2.2177,0.7958,622.6836,75.1692,3.3489,3.2708,58.1628,0.934062,-1.244645
59.0,0.4,1.1378,3.3393,2.6994,0.9656,451.9266,53.429,2.291,3.1417,125.812,2.783914,-0.574068
60.0,0.4,2.0724,4.0818,2.5956,1.2853,603.9278,65.3084,2.073,3.1052,32.2637,0.534228,-0.762237
61.0,0.4,1.7434,3.7653,3.4861,1.3642,573.4568,60.2453,2.0497,3.796,41.7194,0.727513,-0.448744
62.0,0.8,1.6504,3.9336,2.4804,1.106,1094.2756,62.9381,2.4112,3.1177,379.727,3.47015,-0.796065
63.0,0.4,1.4535,2.6932,2.2599,0.7825,430.6401,43.0907,1.2654,2.5322,56.5887,1.314045,-0.517591
64.0,0.4,0.8927,2.1273,1.7389,0.6117,309.0019,34.0369,1.2798,2.0193,161.548,5.228074,-0.559111
65.0,0.4,1.1533,2.4695,3.0858,0.4032,421.2553,39.5127,1.3593,3.3982,85.2263,2.023187,-0.305993
66.0,0.4,0.9671,2.3934,1.3651,0.6666,324.3358,38.2945,1.5213,1.7831,154.59,4.766369,-0.926816
67.0,1.5,1.6389,4.867,4.0574,1.542,2462.2551,77.8721,3.3382,4.6482,1917.29,7.786734,-0.522355
68.0,1.3,2.1901,4.9794,2.9914,1.3808,2275.6934,79.6712,2.954,3.8245,826.139,3.63031,-0.827278
69.0,0.4,1.197,2.7998,1.7003,0.5091,400.5365,44.7964,1.7489,2.2734,98.3492,2.455415,-0.869675
70.0,0.4,1.1821,2.4433,1.4273,0.6052,357.2779,39.093,1.3446,1.8633,95.5925,2.675592,-0.875048
71.0,0.8,1.9059,4.1756,3.822,1.4643,1264.6026,66.8092,2.307,4.1972,256.34,2.027028,-0.454657
72.0,1.4,1.6908,4.5675,2.5081,1.4081,2074.8086,73.0796,3.058,3.2698,1576.62,7.598828,-0.920232
73.0,0.4,1.4181,3.8334,2.3767,0.8955,516.1714,61.3345,2.5929,3.0639,82.1786,1.592082,-0.854816
74.0,0.8,1.072,3.0298,1.8365,0.857,790.8574,48.4766,2.0802,2.3342,812.043,10.267839,-0.837991
75.0,0.4,0.8352,2.2468,1.8199,0.4468,319.1354,35.9495,1.4939,2.1813,198.204,6.210776,-0.586291
76.0,0.4,1.7203,4.0195,2.0132,1.1045,548.108,64.3116,2.4775,2.7759,52.7896,0.963118,-1.099295
77.0,0.8,2.3226,4.9321,4.1513,1.4987,1496.2401,78.9142,2.679,4.7153,183.077,1.22359,-0.524797
78.0,0.8,1.5511,3.6531,2.0931,0.9616,1012.3162,58.4496,2.2481,2.7503,420.193,4.150808,-0.90235
79.0,0.4,1.7428,3.2726,2.428,0.7328,516.4965,52.3613,1.602,2.9245,41.7496,0.808318,-0.632029
80.0,0.4,1.5829,3.3719,1.8266,0.4696,498.463,53.9497,2.0056,2.6258,54.7798,1.09896,-1.002554
81.0,0.4,1.6906,3.5663,1.9718,0.8131,517.0731,57.0611,2.0272,2.6713,49.767,0.96248,-0.956722
82.0,0.4,1.3878,3.5296,2.1078,0.5165,494.4369,56.4736,2.3638,2.8606,79.5464,1.608828,-0.908155
83.0,0.8,1.7886,4.6189,2.4053,1.1132,1234.0482,73.9027,3.0804,3.3176,355.402,2.87998,-1.05608
84.0,0.4,0.8052,2.1516,1.0109,0.4098,285.7282,34.4258,1.5027,1.4876,215.111,7.528562,-1.220551
85.0,1.5,1.8746,4.9332,3.5879,1.5128,2529.9192,78.9314,3.188,4.2722,1537.18,6.07602,-0.634704
86.0,0.8,1.9631,4.7394,2.6567,1.0535,1313.666,75.8312,3.0162,3.597,287.091,2.185442,-0.955831
87.0,0.4,1.6691,4.5325,2.2443,0.9661,597.3396,72.5203,3.1567,3.1893,61.5566,1.030517,-1.16107
88.0,0.8,1.2913,3.8078,2.8213,1.2019,1005.226,60.9249,2.6199,3.3275,631.411,6.281294,-0.639463
89.0,0.4,1.0957,2.6844,1.7709,0.7508,372.4814,42.9506,1.6744,2.1957,120.098,3.224283,-0.763018
90.0,0.4,1.3345,2.4786,1.9204,0.5897,394.4619,39.657,1.1885,2.2619,68.148,1.727593,-0.589013
91.0,0.8,1.2359,2.9721,2.4966,0.8933,863.2059,47.554,1.7929,2.8667,566.368,6.561271,-0.523825
92.0,0.4,1.0335,3.0504,1.7357,0.7744,392.5183,48.8066,2.1692,2.2758,159.195,4.055751,-0.958952
93.0,1.2,1.5189,4.2955,2.3351,1.2244,1656.5507,68.7284,2.9744,3.0846,1308.21,7.897239,-0.956994
94.0,0.4,1.0368,2.5966,1.4315,0.8056,345.7724,41.5449,1.653,1.8611,140.369,4.05951,-0.964616
95.0,0.8,1.4682,4.3615,2.2715,1.0797,1110.6175,69.7842,3.1405,3.0867,542.551,4.885143,-1.066784
96.0,0.4,0.7582,2.0312,1.4835,0.8702,268.6876,32.4996,1.2965,1.671,234.089,8.712418,-0.620334
97.0,1.2,2.1011,4.8371,2.8213,1.3291,2024.9618,77.3933,2.9084,3.6547,727.014,3.590246,-0.866128
98.0,0.4,0.5212,1.3911,0.8899,0.4218,185.4691,22.2581,0.9154,1.1028,407.743,21.984911,-0.76579
99.0,1.2,1.8102,4.4778,2.4537,1.2124,1815.7583,71.6448,2.8617,3.2691,948.767,5.225183,-0.943303
100.0,0.4,1.4335,4.188,2.0859,0.6225,550.0739,67.0088,3.0798,2.9951,85.1069,1.547209,-1.167533
101.0,0.4,2.6767,4.9832,2.9254,1.3313,754.2784,79.7319,2.4156,3.6817,19.3505,0.256545,-0.850077
102.0,0.4,1.1143,2.4622,1.4827,0.6993,349.2839,39.3945,1.4219,1.8821,110.814,3.172549,-0.84385
103.0,0.4,1.1759,2.5438,1.4313,0.5171,368.7116,40.7009,1.4913,1.9556,97.8601,2.654116,-0.939939
104.0,1.3,1.6497,4.7732,3.0456,1.557,2001.2736,76.3708,3.2744,3.7348,1419.35,7.092197,-0.76618
105.0,0.4,1.505,3.9248,2.4962,0.7423,543.1385,62.7976,2.6221,3.2497,70.5313,1.298604,-0.831053
106.0,0.8,1.583,4.4482,3.3848,1.1906,1212.0858,71.1714,3.0045,4.0339,444.562,3.667754,-0.628832
107.0,0.4,0.7911,1.7108,1.0112,0.4641,244.8385,27.3734,0.9744,1.3003,197.115,8.050994,-0.850352
108.0,0.4,0.8621,2.2908,1.2602,0.6808,300.0018,36.6524,1.5227,1.6517,198.166,6.605422,-0.973919
109.0,0.8,2.3115,4.6021,3.0423,0.8998,1406.2034,73.6333,2.4551,3.8987,186.989,1.329738,-0.746973
110.0,0.8,1.1472,2.7847,2.371,0.8123,809.9997,44.5544,1.6931,2.724,633.304,7.81843,-0.513598
111.0,0.4,0.9521,2.5597,1.5235,0.6939,339.8512,40.9549,1.715,1.9629,167.854,4.939008,-0.888941
112.0,0.4,2.2259,4.6484,2.6788,0.9389,684.608,74.3744,2.632,3.6215,28.7402,0.419805,-0.913285
113.0,1.3,1.6147,4.2615,2.4755,1.3166,1824.783,68.1838,2.7997,3.1612,1387.76,7.605046,-0.854787
114.0,0.4,1.2987,3.04,1.9023,0.5314,437.2237,48.6398,1.8983,2.5212,84.5962,1.934841,-0.838565
115.0,0.4,0.9382,2.8131,1.6886,0.4909,370.9581,45.0094,2.0437,2.2254,185.588,5.002915,-0.902874
116.0,0.4,2.0483,4.5241,2.3669,1.0033,642.3715,72.3852,2.7026,3.3038,35.5221,0.552981,-1.042199
117.0,1.2,2.1137,4.6766,2.7141,1.2066,1993.853,74.8257,2.7352,3.55,702.548,3.523574,-0.868045
118.0,0.4,1.1791,3.4812,1.8707,0.9475,442.3921,55.6992,2.4767,2.4881,126.918,2.868903,-1.03352
119.0,0.8,1.8885,4.8581,4.1909,2.1543,1348.9102,77.7292,3.0017,4.5376,290.782,2.15567,-0.479802
120.0,0.8,0.9555,2.8643,1.851,0.911,733.8344,45.8295,2.0037,2.266,971.128,13.233815,-0.755784
121.0,0.4,0.8736,2.1419,1.1167,0.4928,292.2514,34.27,1.3844,1.5519,180.063,6.161165,-1.047645
122.0,0.4,0.704,1.5279,0.9462,0.406,220.0784,24.4459,0.8714,1.2007,236.352,10.739226,-0.7959
123.0,1.2,1.3801,4.0932,3.8804,1.2722,1710.3521,65.4914,2.7907,4.3365,1413.96,8.267095,-0.435495
124.0,0.4,1.7244,4.663,1.9657,0.6565,621.4711,74.6084,3.3643,3.1001,55.3957,0.891369,-1.438454
125.0,0.4,0.6946,1.7734,0.9837,0.4764,237.6003,28.3743,1.1577,1.3051,269.369,11.337025,-0.952185
126.0,0.4,1.7392,4.9183,4.7109,2.0304,684.0801,78.6922,3.2248,5.107,50.8301,0.743037,-0.417692
127.0,0.4,1.199,2.9665,2.8237,1.1948,430.9194,47.4636,1.7896,3.053,91.4608,2.122439,-0.425217
128.0,0.4,2.1213,4.8957,2.9447,1.1144,694.182,78.332,2.9863,3.8686,33.7195,0.485749,-0.876028
129.0,0.4,0.8812,2.0035,1.1608,0.4742,283.5661,32.0563,1.2081,1.5399,168.47,5.941175,-0.898873
130.0,0.4,2.1229,4.0427,2.7736,1.0953,619.7686,64.6828,1.9931,3.3267,29.4928,0.475865,-0.69458
131.0,0.4,1.4968,4.156,1.7117,0.7024,543.2689,66.4955,3.0227,2.6895,74.802,1.376877,-1.479263
132.0,0.4,1.8323,4.9422,2.6031,1.1121,654.5267,79.0756,3.3967,3.5874,51.3332,0.784284,-1.068379
133.0,1.2,1.5618,4.5526,2.8053,1.2074,1777.6545,72.8418,3.1874,3.5638,1272.63,7.15906,-0.824622
134.0,0.4,0.699,1.6955,0.933,0.4811,229.9955,27.1277,1.0636,1.2318,258.981,11.260139,-0.946861
135.0,1.2,1.6208,4.1989,2.7847,1.3748,1695.5101,67.1818,2.6886,3.3729,1120.57,6.608984,-0.717519
136.0,0.4,1.1397,3.2755,1.8057,0.7364,427.0647,52.4082,2.321,2.4285,130.121,3.04688,-1.006542
137.0,0.4,1.9007,4.9555,3.7944,1.3259,692.6006,79.2878,3.1996,4.522,44.255,0.638967,-0.628408
138.0,0.8,1.1584,3.183,2.1996,0.8755,857.3246,50.9283,2.1337,2.6903,702.188,8.190505,-0.705353
139.0,0.8,1.1965,2.9892,2.4176,0.8892,850.8794,47.8269,1.8581,2.8079,613.234,7.207016,-0.555403
140.0,0.8,1.8315,4.8379,2.5366,1.3791,1266.9059,77.4064,3.2278,3.4096,352.43,2.781817,-1.040027
141.0,0.4,1.5147,4.2946,3.9308,1.2338,604.0708,68.7128,2.8731,4.454,69.8949,1.157051,-0.475014
142.0,0.4,0.7373,2.1445,0.9836,0.4045,276.6028,34.3121,1.5705,1.4464,266.349,9.629323,-1.269826
143.0,0.8,1.8289,3.6809,2.8466,0.9616,1130.5319,58.8937,1.9228,3.3509,277.132,2.451313,-0.588945
144.0,0.4,2.3341,4.7156,3.157,1.4376,698.4634,75.4498,2.4634,3.7698,25.5488,0.365787,-0.72008
145.0,1.3,1.6038,4.4537,2.5825,1.5177,1857.8302,71.2593,2.9937,3.2463,1451.9,7.815042,-0.854377
146.0,0.4,1.3009,2.5872,1.72,0.5494,394.0658,41.3944,1.3697,2.1784,76.3848,1.938339,-0.741513
147.0,0.4,0.9865,2.7879,2.5548,1.03,386.4182,44.6068,1.8396,2.8264,147.928,3.828218,-0.458638
148.0,0.8,2.1393,4.4207,3.4679,1.1747,1346.7829,70.731,2.3677,4.0697,213.116,1.582403,-0.58356
149.0,0.8,1.0296,2.6402,1.7438,0.8077,716.6446,42.2431,1.6883,2.1362,794.763,11.090031,-0.723011
150.0,1.4,1.4534,4.2879,2.4778,1.4312,1891.4376,68.606,2.9868,3.1254,1981.84,10.477895,-0.84745
151.0,1.3,1.6373,4.8198,3.6286,1.33,2094.844,77.1175,3.3348,4.3181,1414.92,6.754359,-0.622723
152.0,0.4,1.5439,3.1391,1.8798,0.6918,466.7139,50.2263,1.7123,2.4695,57.1323,1.224157,-0.855578
153.0,0.8,1.4276,4.2543,3.8711,1.6514,1153.9686,68.0688,2.8826,4.2669,516.536,4.47617,-0.455777
154.0,0.8,1.936,4.436,2.4661,1.3087,1225.5968,70.9763,2.6494,3.2118,290.57,2.370855,-0.934034
155.0,0.8,1.5365,3.9848,3.0606,1.0985,1114.376,63.7563,2.5591,3.6337,435.961,3.912123,-0.614343
156.0,1.3,1.8273,4.4852,3.4459,1.3348,2066.1134,71.7627,2.7616,4.0527,1080.19,5.228089,-0.5908
157.0,0.4,2.0982,4.2587,2.3262,0.628,639.8904,68.1386,2.4101,3.3188,31.1615,0.486978,-0.982222
158.0,0.8,0.9989,2.8304,2.3623,0.8674,776.8483,45.2857,1.8962,2.7162,848.354,10.92029,-0.52924
159.0,0.4,0.71,1.91,1.298,0.5445,257.6404,30.5593,1.2629,1.5903,264.883,10.280877,-0.729762
160.0,0.4,1.7202,3.1399,2.4924,0.7899,503.7003,50.2383,1.465,2.8843,41.5589,0.82507,-0.566916
161.0,0.4,0.9099,2.4109,1.3215,0.5553,322.0946,38.5745,1.631,1.7902,178.144,5.530812,-0.997955
162.0,0.4,2.4739,4.6686,2.6989,0.9348,714.7339,74.6971,2.3694,3.612,22.2443,0.311223,-0.887543
163.0,1.4,1.8002,4.8052,3.9746,1.4216,2353.4195,76.8831,3.1161,4.5972,1365.9,5.803888,-0.535814
164.0,0.8,1.702,4.7245,2.3194,1.048,1231.9727,75.5913,3.3252,3.2884,406.258,3.297591,-1.156192
165.0,0.4,1.6649,3.3234,2.0893,0.8941,494.3046,53.1751,1.74,2.6037,49.3156,0.997689,-0.788435
166.0,0.4,1.0701,2.6899,1.6234,0.7291,366.0383,43.0392,1.7242,2.0844,129.59,3.540406,-0.865958
167.0,0.4,1.312,3.1992,2.4756,0.8232,459.2749,51.1865,1.9772,2.9531,83.7825,1.824209,-0.616604
168.0,0.4,0.824,2.0253,1.2863,0.5925,278.1607,32.4043,1.2653,1.6049,198.305,7.129042,-0.793371
169.0,0.4,0.7631,1.9129,1.1489,0.552,259.1325,30.6066,1.2183,1.4649,229.916,8.872585,-0.85531
170.0,0.8,1.8973,3.8268,3.0924,1.0143,1183.0029,61.2289,1.9967,3.5928,257.691,2.178282,-0.554898
171.0,0.4,0.8735,2.1685,1.1093,0.4005,298.0425,34.6962,1.4372,1.587,178.753,5.997602,-1.086724
172.0,0.4,1.7215,4.635,2.5494,1.1814,611.7931,74.1601,3.143,3.4082,58.0557,0.948945,-1.001803
173.0,0.4,1.177,2.6013,2.3576,0.9315,391.2365,41.6207,1.447,2.5875,89.7277,2.293433,-0.463878
174.0,0.4,1.2567,2.7876,1.5523,0.6879,395.0546,44.6012,1.6464,2.0785,89.6135,2.268362,-0.949363
175.0,0.4,1.75,4.344,2.2487,0.8676,595.0928,69.5039,2.8615,3.1786,51.6828,0.868482,-1.084758
176.0,0.4,0.5638,1.564,0.987,0.4473,206.3998,25.0247,1.0586,1.2368,376.524,18.24297,-0.795943
177.0,0.4,2.2424,3.4369,2.5155,0.6738,589.6894,54.9902,1.2343,2.936,23.8681,0.404756,-0.614361
178.0,0.8,1.1714,3.386,1.9068,0.8115,879.7342,54.1768,2.3929,2.5281,729.595,8.29348,-0.946672
179.0,0.4,1.469,3.5495,2.6425,0.5546,519.9931,56.7917,2.2406,3.3093,67.4653,1.29742,-0.668042
180.0,0.8,1.0672,2.892,2.4849,0.9692,805.4712,46.2721,1.8763,2.8125,749.198,9.301383,-0.50153
181.0,1.3,1.4081,4.0525,2.6633,1.3318,1709.1814,64.8392,2.7651,3.2339,1706.51,9.984247,-0.719024
182.0,0.4,1.5601,4.6165,3.4872,1.2572,617.3141,73.864,3.2041,4.1499,72.9643,1.181964,-0.638731
183.0,0.4,1.0665,2.8442,2.4185,0.6446,406.4535,45.5067,1.8643,2.8394,128.518,3.161901,-0.543114
184.0,0.8,1.9014,4.2846,3.099,1.0797,1251.156,68.5531,2.5061,3.7716,281.033,2.24617,-0.66478
185.0,0.8,1.7405,3.7917,2.5325,1.1217,1094.5929,60.6678,2.1391,3.0786,326.771,2.985349,-0.720571
186.0,0.4,0.9434,2.2357,1.7092,0.5658,323.7145,35.7712,1.3555,2.0485,148.318,4.581753,-0.622497
187.0,0.8,1.6404,4.1451,2.1608,1.131,1105.2981,66.3211,2.6982,2.9337,406.869,3.681052,-1.036324
188.0,0.8,1.9628,4.7743,2.4692,0.956,1316.9898,76.3892,3.1014,3.4959,287.736,2.184812,-1.067214
189.0,0.4,1.1006,2.5648,2.1219,0.7477,376.0376,41.037,1.5145,2.4505,109.074,2.900628,-0.549153
190.0,1.2,1.4814,4.2229,2.7267,1.3474,1648.4693,67.5663,2.8756,3.3426,1342.06,8.141238,-0.752159
191.0,1.3,1.4342,4.1983,3.6626,1.3969,1861.8289,67.1732,2.8447,4.1364,1612.31,8.65987,-0.485264
192.0,1.3,1.8372,4.5408,3.6285,1.3431,2103.7082,72.6527,2.8043,4.2286,1068.48,5.079024,-0.560827
193.0,0.4,0.9768,2.416,2.221,0.8836,350.2062,38.6553,1.4657,2.447,134.619,3.843923,-0.456192
194.0,1.3,1.5236,4.2765,3.8782,1.4518,1936.6592,68.4233,2.8238,4.3376,1445.54,7.464014,-0.457996
195.0,1.2,2.0093,4.9671,3.2821,1.2873,2072.6467,79.4731,3.1347,4.1064,796.014,3.840544,-0.748283
196.0,0.8,1.9487,3.7764,2.6298,0.8133,1168.6196,60.4217,1.9332,3.2625,248.462,2.126091,-0.684262
197.0,0.8,1.6625,4.4499,2.4836,1.2537,1169.9896,71.1986,2.9807,3.2616,413.686,3.535819,-0.956955
198.0,0.4,1.2734,3.5299,1.5422,0.6915,459.6098,56.4786,2.5301,2.3309,102.282,2.225417,-1.365651
199.0,0.4,1.2398,3.0073,1.9039,0.8678,415.1707,48.1167,1.8634,2.382,96.5281,2.325017,-0.805741
200.0,0.8,1.7188,4.6397,4.1643,1.6387,1302.4335,74.2352,2.9893,4.6442,358.64,2.753615,-0.47607
201.0,0.4,1.3088,2.7932,1.7467,0.8548,401.0864,44.6915,1.5476,2.1484,80.9675,2.018718,-0.793498
202.0,0.8,2.5573,4.7779,2.9751,0.8419,1491.1336,76.4468,2.4018,3.9205,151.854,1.018385,-0.800559
203.0,1.2,1.8507,4.541,2.7963,1.4172,1853.9804,72.6567,2.8247,3.4887,910.941,4.913481,-0.798915
204.0,0.4,2.6258,4.7091,3.5585,1.1737,754.3587,75.346,2.1532,4.1603,18.3998,0.243914,-0.606077
205.0,0.4,1.8583,3.3469,2.2474,1.0231,517.8774,53.5501,1.522,2.5979,37.6529,0.727058,-0.692699
206.0,0.8,1.085,2.7273,1.7359,0.8119,742.6351,43.637,1.7286,2.1598,736.229,9.913784,-0.763496
207.0,0.8,1.6332,4.5807,2.0735,0.8338,1196.8554,73.2905,3.3046,3.0929,430.175,3.594176,-1.290631
208.0,1.4,2.091,4.9853,3.9084,1.4236,2514.4716,79.7653,3.0088,4.5908,1043.96,4.151833,-0.577403
209.0,0.4,2.1164,4.5658,2.824,0.7976,675.0773,73.0527,2.6709,3.7664,31.7524,0.470351,-0.843572
210.0,0.4,0.7754,2.1941,1.0167,0.4677,283.5516,35.1056,1.5727,1.4805,240.286,8.474154,-1.24615
211.0,0.4,0.9147,2.4852,1.3989,0.7937,321.9278,39.7624,1.6615,1.7967,183.65,5.704581,-0.944135
212.0,0.4,1.131,2.3596,1.3882,0.6385,342.0155,37.7534,1.2991,1.7815,104.706,3.061424,-0.861784
213.0,1.2,1.6066,4.1013,2.436,1.2082,1651.1301,65.6209,2.6424,3.109,1135.37,6.876331,-0.837488
214.0,0.4,1.5779,3.9604,4.6602,1.6226,607.8993,63.366,2.402,4.9077,50.5558,0.831642,-0.300501
215.0,0.4,1.0177,2.7497,1.7809,0.5559,375.7282,43.9953,1.8668,2.287,147.581,3.927875,-0.807039
216.0,0.4,1.3135,3.3558,3.9356,1.4561,510.0092,53.6923,2.0559,4.1247,71.8103,1.408007,-0.296818
217.0,0.4,1.6627,4.6568,3.2755,1.3603,622.4903,74.5082,3.1404,3.9576,62.2187,0.999505,-0.70673
218.0,0.4,1.8503,4.322,2.5229,0.8272,614.0822,69.1524,2.6999,3.4129,43.9227,0.715262,-0.91989
219.0,1.2,1.6342,4.1662,2.6458,1.3026,1686.2481,66.659,2.6562,3.2707,1103.04,6.541367,-0.763032
220.0,0.4,0.6503,1.763,0.9558,0.5081,229.5189,28.2073,1.1907,1.2647,310.579,13.531404,-0.981167
221.0,0.4,2.0888,4.7445,3.0825,0.9153,689.7626,75.9126,2.8675,3.9988,33.7088,0.488705,-0.79452
222.0,0.4,0.8586,2.1845,1.0943,0.4477,295.3321,34.9524,1.465,1.5627,188.479,6.382007,-1.115922
223.0,1.3,1.9915,4.8467,2.9695,1.4192,2159.3212,77.547,3.0141,3.7491,987.718,4.574194,-0.807953
224.0,1.2,1.7342,4.7937,3.9992,1.5243,1984.0361,76.6985,3.1604,4.5823,1022.99,5.156059,-0.531352
225.0,0.8,1.172,2.9796,1.5734,0.8016,794.9057,47.6734,1.9476,2.1289,674.122,8.480492,-0.993551
226.0,0.4,0.7108,2.0766,1.2348,0.6076,266.6954,33.225,1.4501,1.5708,286.686,10.749373,-0.881901
227.0,0.8,1.0264,2.6586,1.6673,0.8116,713.535,42.538,1.7178,2.0777,811.925,11.379016,-0.777006
228.0,0.4,0.4875,1.3354,0.7708,0.4208,173.3104,21.3657,0.8965,0.9831,456.136,26.318158,-0.868976
229.0,1.4,1.7478,4.8212,2.9945,1.5247,2207.5881,77.139,3.2325,3.7232,1514.93,6.862358,-0.788923
230.0,0.8,2.0628,4.9678,2.965,1.4867,1359.6131,79.4844,3.0656,3.7631,266.243,1.958216,-0.861685
231.0,0.4,2.2704,4.3241,3.8092,1.3525,688.2157,69.1858,2.0877,4.2006,23.8473,0.34651,-0.483913
232.0,1.4,1.9099,4.8938,3.1543,1.4853,2317.7112,78.3009,3.1349,3.8986,1280.8,5.526149,-0.751705
233.0,0.4,0.5856,1.6147,0.9914,0.4453,213.2459,25.8349,1.094,1.2595,357.053,16.743527,-0.830718
234.0,0.4,2.0733,4.8461,4.668,2.0011,718.7083,77.5373,2.7987,4.9949,30.61,0.425901,-0.414495
235.0,0.4,2.2448,4.8204,2.4916,1.1435,687.5153,77.1269,2.7946,3.4587,29.4991,0.429071,-1.048342
236.0,0.8,1.4837,4.4196,2.766,1.3223,1134.6139,70.7129,3.1011,3.4465,532.894,4.696653,-0.822226
237.0,0.8,1.5145,4.3538,3.1077,1.0226,1173.9378,69.6615,3.0113,3.8087,490.513,4.178398,-0.695552
238.0,0.4,0.6641,1.5323,0.932,0.4293,214.5368,24.5162,0.9183,1.1852,267.984,12.490978,-0.819036
239.0,0.4,0.5569,1.6597,1.0454,0.5017,213.0456,26.5557,1.1635,1.2984,403.253,18.92837,-0.800816
240.0,1.2,1.8138,4.4443,3.5889,1.2496,1916.3048,71.1083,2.7345,4.1942,890.073,4.644703,-0.558376
241.0,0.8,1.0583,3.1215,1.7933,0.8706,798.6784,49.9433,2.2039,2.3205,852.896,10.678692,-0.905555
242.0,0.4,1.7737,4.0944,3.2079,1.1733,596.4962,65.5102,2.4093,3.7616,45.2689,0.758911,-0.597484
243.0,0.4,1.3795,3.3533,2.8611,1.0728,484.8584,53.6525,2.0299,3.2507,73.6489,1.518969,-0.5229
244.0,0.4,0.9371,2.6279,1.5301,0.6083,346.9624,42.0458,1.8258,2.0148,177.235,5.108118,-0.928091
245.0,0.4,1.0375,3.0934,2.035,0.8073,404.1483,49.4938,2.1817,2.5302,157.428,3.895256,-0.782789
246.0,0.4,0.6994,1.8611,1.013,0.4868,245.831,29.7773,1.2519,1.3566,274.261,11.156373,-0.986306
247.0,0.4,2.5415,4.9733,3.4378,1.0076,768.2559,79.5733,2.5869,4.3119,20.8033,0.270788,-0.708787
248.0,0.4,1.4645,4.0231,2.0431,1.0257,522.801,64.3703,2.78,2.8172,80.3794,1.537493,-1.114408
249.0,0.4,1.6871,3.8826,1.9337,0.9803,535.6036,62.121,2.3846,2.71,53.7421,1.003383,-1.109539
250.0,0.4,2.731,3.9698,3.0567,0.7775,701.4885,63.5165,1.2659,3.4405,15.7572,0.224624,-0.56534
251.0,0.8,2.1718,4.6417,3.3442,1.088,1386.3457,74.2676,2.605,4.0981,215.549,1.554808,-0.66804
252.0,0.4,1.9259,4.6543,2.3949,1.0418,638.5875,74.4695,2.9877,3.36,42.621,0.667432,-1.083907
253.0,0.4,1.2261,3.5849,2.2207,0.6445,477.6699,57.358,2.5624,2.8975,113.959,2.38571,-0.865886
254.0,0.4,1.3499,2.9518,2.3778,0.8014,442.1634,47.2296,1.6625,2.7775,72.4596,1.638779,-0.571163
255.0,0.4,1.0508,3.1022,1.8734,0.6268,408.1897,49.6357,2.2219,2.4472,152.038,3.724727,-0.8926
256.0,0.4,1.5386,4.3913,3.5459,1.3751,596.1625,70.2612,2.9558,4.0994,70.6207,1.184595,-0.571656
257.0,0.8,1.2342,3.6791,3.3535,1.0608,1018.0843,58.8663,2.5278,3.7982,652.298,6.407188,-0.473851
258.0,0.8,1.7625,3.9139,2.2651,0.8046,1126.8259,62.6227,2.3388,3.0559,323.853,2.874042,-0.899823
259.0,1.5,1.778,4.8826,4.1507,1.5422,2542.9816,78.1223,3.2049,4.7393,1644.22,6.465775,-0.508329
260.0,0.8,1.8008,4.1055,2.9331,0.9444,1197.81,65.6887,2.4414,3.6211,310.657,2.593569,-0.680937
261.0,0.8,1.3432,3.1409,1.7701,0.821,871.253,50.2544,1.926,2.3431,524.466,6.019675,-0.910808
262.0,0.4,1.0366,2.1575,1.7498,0.5794,329.6355,34.52,1.1608,2.0346,113.553,3.444805,-0.55819
263.0,0.8,1.077,2.9911,2.3662,0.8256,822.6288,47.8578,1.9986,2.7843,767.163,9.325788,-0.581063
264.0,0.8,1.3131,2.9355,2.3523,0.8088,870.9027,46.9682,1.6843,2.7506,500.651,5.748669,-0.56041
265.0,0.4,1.332,3.3212,1.6422,0.6371,453.3653,53.139,2.2104,2.3773,86.0634,1.898316,-1.148587
266.0,0.4,1.9471,4.5493,3.7731,1.3312,666.5877,72.7894,2.6907,4.3535,37.6087,0.564202,-0.550369
267.0,0.4,1.0926,2.0152,1.5177,0.4512,321.0188,32.2427,0.9638,1.8147,98.7088,3.074813,-0.610794
268.0,0.4,0.4684,1.3676,0.7945,0.4212,174.3428,21.8814,0.9529,1.0123,496.745,28.492169,-0.870325
269.0,0.8,0.9017,2.6506,1.7471,0.8009,688.3838,42.4094,1.8393,2.1407,1021.2,14.834678,-0.73256
270.0,0.4,0.84,2.1125,1.1622,0.568,284.2113,33.8007,1.366,1.5472,197.022,6.93238,-0.971069
271.0,0.8,1.8943,4.4293,3.2713,1.1781,1276.9857,70.8688,2.6559,3.937,288.897,2.262335,-0.647127
272.0,0.8,1.6215,4.2074,2.635,0.8469,1160.2465,67.3183,2.7973,3.4355,409.36,3.528211,-0.833795
273.0,0.4,1.0656,2.7416,1.8697,0.5696,383.0274,43.866,1.796,2.3609,130.335,3.40279,-0.748316
274.0,0.4,0.937,2.615,1.4939,0.4547,350.7492,41.8399,1.8422,2.0238,174.17,4.965645,-0.961809
275.0,0.8,1.361,3.194,2.2924,0.8255,916.8399,51.1044,1.9281,2.7923,498.244,5.434405,-0.66423
276.0,0.8,1.5177,3.3511,2.2223,0.8459,972.2073,53.6184,1.9388,2.778,409.498,4.212107,-0.735248
277.0,0.4,1.1412,2.7391,1.8745,0.5651,392.1544,43.8248,1.7116,2.3712,108.155,2.757919,-0.73908
278.0,1.3,1.6276,4.5475,3.736,1.4284,2027.0208,72.7597,3.0211,4.3012,1355.5,6.687126,-0.538478
279.0,0.8,1.7301,4.7908,2.502,1.2086,1246.6057,76.6535,3.3195,3.4122,397.668,3.190035,-1.06011
280.0,0.4,1.3038,3.5546,2.5277,1.0465,479.9681,56.873,2.357,3.0434,94.9998,1.979273,-0.693642
281.0,0.8,1.5088,3.7313,1.9307,1.0667,997.7066,59.7009,2.3843,2.6106,460.718,4.617778,-1.031685
282.0,0.4,2.0841,4.5406,4.3853,1.8417,691.5233,72.6503,2.4755,4.6659,28.8237,0.416819,-0.411665
283.0,0.4,1.2326,3.4305,1.6175,0.7534,445.5351,54.8882,2.4289,2.3359,110.322,2.476178,-1.234781
284.0,0.4,0.7445,1.6459,0.9577,0.4284,233.9075,26.3342,0.961,1.2496,220.545,9.428656,-0.872414
285.0,1.2,1.4946,4.4288,3.618,1.3792,1787.8757,70.8607,3.0402,4.171,1313.68,7.347704,-0.546219
286.0,0.4,0.9734,2.6841,1.9747,0.6911,366.5615,42.9463,1.8017,2.3856,160.028,4.365723,-0.666119
287.0,1.4,1.5985,4.4781,2.6897,1.4673,2023.5618,71.6498,3.0282,3.3628,1715.18,8.476068,-0.812383
288.0,0.4,2.3354,4.8638,2.669,1.1825,704.8955,77.8214,2.7165,3.5872,26.733,0.379251,-0.962529
289.0,1.3,1.6354,4.431,3.8404,1.477,2010.2413,70.896,2.8742,4.3414,1304.03,6.486933,-0.49249
290.0,0.4,2.4366,4.3875,2.7496,1.3489,671.4086,70.2008,1.9988,3.2302,22.7533,0.338893,-0.760227
291.0,0.8,1.2584,3.2467,1.7851,0.8562,867.2175,51.9474,2.1387,2.3817,613.302,7.072094,-0.955542
292.0,0.4,1.5939,3.627,4.341,1.5143,577.4696,58.0326,2.0439,4.5262,45.4369,0.786836,-0.291589
293.0,1.3,2.1219,4.8758,3.8495,1.3307,2322.6703,78.0121,2.8661,4.5306,830.677,3.576356,-0.574783
294.0,1.2,1.6724,4.2194,3.5433,1.3265,1803.2871,67.511,2.6269,4.0542,1009.64,5.598936,-0.519918
295.0,0.4,0.8106,2.3379,1.2189,0.5668,300.9963,37.4071,1.6606,1.6641,230.421,7.65542,-1.069742
296.0,0.4,1.9842,4.5926,2.8595,1.0852,651.9721,73.4824,2.7915,3.692,38.333,0.587961,-0.834786
297.0,1.2,1.7918,4.4647,2.914,1.2654,1842.925,71.4352,2.8179,3.6202,950.208,5.155978,-0.748127
298.0,0.4,1.7541,4.839,2.5702,0.9934,640.4206,77.424,3.3841,3.55,56.509,0.882373,-1.062273
299.0,0.4,1.2988,3.1606,2.4365,0.5369,463.0472,50.5696,1.9918,3.0028,84.896,1.83342,-0.633832
300.0,0.4,0.9888,2.2984,1.4606,0.4271,331.0722,36.7748,1.4207,1.9158,137.719,4.159833,-0.814151
301.0,0.4,1.1427,3.202,1.3702,0.5788,416.8312,51.2314,2.3228,2.1002,124.082,2.976758,-1.403818
302.0,1.3,1.5345,4.2288,2.6198,1.3158,1800.3332,67.6606,2.8378,3.2677,1506.72,8.369093,-0.786907
303.0,0.4,1.3021,3.3139,2.7756,0.996,471.8246,53.0229,2.081,3.1944,85.9948,1.822618,-0.543127
304.0,0.4,2.1453,4.7314,2.3835,0.9292,674.7075,75.7027,2.8616,3.4353,32.1527,0.476545,-1.099633
305.0,0.4,0.5161,1.3891,0.9035,0.41,185.5541,22.2254,0.9195,1.1176,413.856,22.303591,-0.751692
306.0,0.4,1.1177,2.3553,2.7791,0.5175,394.226,37.6852,1.2702,3.0472,89.9614,2.282,-0.328476
307.0,0.4,1.1101,3.166,2.532,0.9277,431.0009,50.6568,2.1389,2.9532,128.295,2.976723,-0.583604
308.0,1.2,1.4287,3.9309,3.4116,1.2256,1645.8147,62.8939,2.5822,3.8828,1306.9,7.940685,-0.494734
309.0,0.4,2.1043,3.9261,2.4702,0.6577,615.1459,62.8184,1.9753,3.2589,29.6033,0.481246,-0.798899
310.0,0.8,1.8866,4.1882,2.5199,1.0772,1194.751,67.0116,2.4501,3.2534,291.941,2.443545,-0.845924
311.0,1.3,2.2661,4.9301,3.8724,1.3352,2393.3811,78.8817,2.7686,4.5529,727.857,3.041128,-0.57539
312.0,0.4,1.8879,4.3076,3.6178,1.3369,635.7219,68.9215,2.4893,4.1257,38.9458,0.612622,-0.535062
313.0,0.8,2.1284,4.9809,3.0017,0.8309,1429.3805,79.6949,3.1298,4.052,238.875,1.671189,-0.877526
314.0,1.3,1.6557,4.6485,3.6223,1.3653,2055.8279,74.3768,3.1177,4.2531,1342.95,6.532475,-0.586855
315.0,0.4,0.6462,1.8824,1.2008,0.5993,242.814,30.119,1.2984,1.4772,325.987,13.425647,-0.790024
316.0,1.3,1.996,4.9779,4.4169,1.6766,2331.6945,79.6458,3.0549,4.9522,929.832,3.987765,-0.477809
317.0,0.8,1.8814,4.3072,2.3216,0.9122,1214.7884,68.9157,2.6525,3.2168,297.827,2.451696,-0.994523
318.0,0.4,0.8647,2.4019,1.2983,0.6109,313.1927,38.4303,1.6611,1.7443,202.281,6.458659,-1.015507
319.0,0.4,0.9622,2.3105,1.1632,0.4311,320.5789,36.9677,1.4984,1.6794,149.281,4.656569,-1.106171
320.0,1.2,2.4087,4.9208,3.6882,1.2011,2250.8983,78.7326,2.6283,4.4272,522.882,2.322987,-0.616116
321.0,0.4,1.5161,4.2008,1.8577,0.52,560.2471,67.2127,3.0678,2.8652,71.6836,1.279498,-1.358698
322.0,0.4,0.6615,1.7424,1.0867,0.5358,232.1715,27.8784,1.1379,1.3553,292.725,12.608137,-0.806953
323.0,0.4,2.1732,4.7602,2.5901,1.197,674.9925,76.164,2.7816,3.4888,31.7476,0.470345,-0.982186
324.0,0.8,1.4292,3.5345,2.2119,0.9525,972.6385,56.5513,2.2345,2.8059,488.135,5.018606,-0.806528
325.0,0.8,1.9594,4.0854,3.5427,1.2538,1254.7127,65.366,2.1765,3.9847,242.801,1.9351,-0.49807
326.0,0.8,1.7355,3.912,3.4038,1.274,1164.9083,62.5912,2.2281,3.824,312.893,2.685954,-0.496223
327.0,0.8,1.2607,3.014,1.8198,0.8934,828.9696,48.2236,1.8497,2.3032,582.79,7.030236,-0.822401
328.0,0.4,0.8431,2.352,1.992,0.7458,324.6668,37.6314,1.558,2.2754,198.462,6.112693,-0.529708
329.0,0.8,1.2248,3.2007,2.2259,0.9098,875.3955,51.2113,2.0756,2.7099,627.81,7.171744,-0.694939
330.0,0.4,1.4912,3.7045,1.9722,1.1013,494.4466,59.2715,2.3606,2.6185,72.1916,1.460036,-1.020302
331.0,0.4,1.4397,3.3315,1.7051,0.7464,463.8591,53.3048,2.071,2.4006,71.6223,1.544076,-1.077745
332.0,0.4,1.5512,3.2001,4.5015,0.4127,575.0243,51.2018,1.6999,4.8959,46.09,0.801534,-0.255589
333.0,0.8,1.1561,2.9743,1.7372,0.8545,795.9555,47.5895,1.9328,2.2388,688.958,8.655862,-0.868496
334.0,0.8,1.2524,3.0592,1.9228,0.9442,837.275,48.9479,1.8959,2.3866,593.494,7.088501,-0.779909
335.0,0.8,1.694,3.5371,2.2693,0.9882,1034.9986,56.5932,1.9312,2.8085,336.461,3.250812,-0.755337
336.0,1.2,1.3676,4.0607,2.8465,1.3717,1579.3918,64.9708,2.8011,3.3793,1504.53,9.52595,-0.664572
337.0,0.8,1.7461,4.1744,2.5247,1.533,1126.7565,66.7908,2.5115,3.057,354.105,3.142712,-0.816177
338.0,0.4,1.4431,3.6,2.623,0.8976,508.3359,57.6003,2.2749,3.1943,72.4663,1.425567,-0.675437
339.0,0.8,1.1977,3.0777,1.6127,0.888,812.6467,49.2439,2.0154,2.1657,662.609,8.153831,-1.001889
340.0,0.8,1.2843,3.8146,2.1029,1.0599,969.0361,61.033,2.7125,2.7623,661.111,6.82229,-0.973739
341.0,0.4,1.9213,4.294,3.8507,1.4507,644.1221,68.7043,2.4203,4.2756,36.1008,0.560468,-0.478911
342.0,1.2,1.5612,4.5697,3.7961,1.478,1853.634,73.1145,3.1079,4.3445,1227.56,6.622387,-0.531735
343.0,0.4,1.0771,3.1574,2.0485,0.6877,418.6581,50.5182,2.2314,2.5986,144.502,3.451538,-0.805806
344.0,0.4,0.7324,1.8774,1.4079,0.4731,263.8375,30.038,1.2048,1.6977,239.289,9.069439,-0.639921
345.0,0.4,1.011,2.8492,1.5078,0.7188,369.1004,45.5873,1.9911,2.0424,158.992,4.307564,-1.052295
346.0,0.8,1.7796,3.9607,2.453,1.2192,1118.1374,63.3718,2.2807,3.0397,324.379,2.901093,-0.798062
347.0,0.4,0.6247,1.5832,0.9959,0.4927,213.7996,25.3305,1.0063,1.2357,309.54,14.477644,-0.78679
348.0,0.4,1.0898,1.9073,1.4239,0.4128,310.1173,30.5166,0.8523,1.6971,97.4295,3.141678,-0.610741
349.0,0.8,1.7697,3.8761,2.5702,0.8389,1138.1141,62.0183,2.2514,3.2717,315.013,2.767882,-0.748888
350.0,0.4,1.4176,3.7359,3.2069,1.2501,524.9288,59.7737,2.3826,3.6292,74.5359,1.419907,-0.517198
351.0,1.2,2.0266,4.9268,3.7671,1.3385,2112.4357,78.8293,3.0309,4.4828,759.799,3.596814,-0.608979
352.0,0.4,1.1042,2.3081,1.9421,0.6842,352.6179,36.9296,1.2369,2.21,100.442,2.848466,-0.525546
353.0,0.4,1.4549,3.4169,1.6746,0.4325,485.2654,54.6711,2.2331,2.5203,67.9374,1.400023,-1.162399
354.0,0.4,0.6073,1.5186,0.8878,0.435,205.2535,24.2972,0.9681,1.1442,321.168,15.647125,-0.869217
355.0,0.4,1.2652,3.4711,1.6777,0.5052,464.4558,55.5374,2.4838,2.4689,100.691,2.167927,-1.206926
356.0,0.4,1.0339,3.0856,1.3763,0.546,395.3311,49.3693,2.3003,2.0488,156.409,3.956381,-1.338442
357.0,0.4,1.578,3.9419,3.2659,1.1725,563.8282,63.0696,2.4469,3.7711,59.2795,1.051362,-0.552648
358.0,0.4,1.8353,3.3783,2.9796,1.0766,544.2058,54.0521,1.5631,3.2513,35.3669,0.649873,-0.477071
359.0,0.4,0.7378,2.1926,1.3423,0.5274,285.3391,35.0818,1.5598,1.7217,272.686,9.556614,-0.862288
360.0,0.4,0.9639,2.852,1.6721,0.9334,360.5137,45.6313,1.9906,2.1047,180.538,5.007722,-0.901449
361.0,0.8,2.8837,4.8656,3.69,1.168,1600.5166,77.8489,2.0402,4.2675,113.22,0.70739,-0.589646
362.0,0.4,1.7319,3.6663,1.934,1.1225,516.2439,58.661,2.0382,2.5246,49.4204,0.95731,-0.994193
363.0,0.4,0.9615,2.6099,2.0955,0.5151,369.1711,41.7585,1.7462,2.5179,158.376,4.290054,-0.595225
364.0,0.8,1.5554,3.6216,2.3144,1.1117,1010.9969,57.9459,2.162,2.852,412.391,4.079074,-0.767902
365.0,1.2,2.4571,4.9134,3.6856,1.2081,2264.7621,78.6136,2.565,4.4084,500.599,2.21036,-0.612459
366.0,0.4,1.1499,2.99,1.7495,0.6551,406.4236,47.8405,1.9936,2.3235,116.036,2.855081,-0.920649
367.0,0.4,3.1575,4.7994,3.5312,0.9902,824.8856,76.7902,1.6873,4.0649,12.1572,0.14738,-0.60759
368.0,0.8,1.9624,4.696,3.1064,1.5828,1295.4861,75.1356,2.8357,3.7311,284.254,2.194176,-0.737041
369.0,0.8,0.9881,2.7761,1.5074,0.8271,712.4583,44.4178,1.9089,1.981,905.77,12.713363,-0.951015
370.0,1.2,1.4875,4.0995,3.5102,1.3993,1699.8962,65.5925,2.6844,3.9685,1242.97,7.31209,-0.499589
371.0,1.2,1.5407,4.144,3.4144,1.2554,1731.2637,66.3041,2.697,3.9434,1180.57,6.819133,-0.537703
372.0,0.4,2.299,4.6773,3.7642,1.2584,719.4793,74.8368,2.4605,4.3735,25.0228,0.34779,-0.567926
373.0,0.4,2.0998,3.1724,2.3498,0.6323,548.0556,50.7582,1.1036,2.7096,26.9336,0.491437,-0.600717
374.0,0.4,0.9682,2.7879,1.8477,0.906,362.5823,44.6065,1.9034,2.2413,171.422,4.72782,-0.758834
375.0,0.8,1.5849,3.9938,2.8899,1.0028,1122.2653,63.9014,2.5413,3.524,410.479,3.657628,-0.672009
376.0,0.8,1.8179,4.6958,4.034,1.6002,1326.913,75.1327,2.9532,4.552,319.427,2.407291,-0.511104
377.0,0.8,0.8846,2.6167,2.1705,0.803,707.628,41.8674,1.7946,2.497,1017.0,14.372027,-0.530205
378.0,1.3,1.4618,4.246,3.5342,1.411,1867.5839,67.9359,2.8716,4.0321,1582.06,8.471146,-0.520356
379.0,0.8,1.9126,4.1306,3.6593,1.398,1250.8033,66.09,2.2598,4.0567,255.809,2.04517,-0.478654
380.0,1.4,1.6124,4.546,3.7431,1.4267,2177.1074,72.7354,3.0355,4.3072,1628.29,7.479082,-0.532689
381.0,0.4,1.3384,2.989,3.6087,1.1651,481.9455,47.8247,1.662,3.783,63.001,1.307242,-0.292516
382.0,0.4,0.8442,1.7388,1.3695,0.4381,266.179,27.8215,0.9315,1.616,163.169,6.130202,-0.579964
383.0,0.4,1.8528,4.4973,2.0979,0.9187,614.1504,71.9572,2.9451,3.1095,45.7699,0.74526,-1.233601
384.0,0.8,1.9232,4.9782,4.1986,1.6308,1403.7591,79.6513,3.1448,4.7794,293.161,2.088402,-0.529171
385.0,0.4,2.7004,3.9683,2.9958,0.8426,693.2442,63.493,1.2918,3.3542,16.2826,0.234876,-0.578704
386.0,1.2,1.5526,4.4438,2.7886,1.2643,1740.7983,71.101,3.063,3.4985,1268.32,7.285873,-0.796911
387.0,0.4,1.0416,2.0735,1.5829,0.4992,320.4583,33.1755,1.0775,1.888,111.472,3.478466,-0.606938
388.0,0.8,1.3859,3.8234,2.8177,1.2153,1029.4257,61.1746,2.5351,3.3285,541.492,5.260154,-0.642855
389.0,0.4,0.6579,1.8909,0.8906,0.4154,242.9913,30.2547,1.3617,1.2814,314.484,12.94232,-1.209979
390.0,1.2,1.6612,4.6779,2.8299,1.4318,1821.4792,74.846,3.1878,3.564,1155.48,6.343602,-0.833886
391.0,0.4,1.1774,3.4729,2.6822,1.1862,459.3882,55.5668,2.3733,3.1029,119.681,2.605245,-0.604104
392.0,0.8,1.373,4.0609,2.0284,0.8155,1045.9454,64.9746,2.964,2.8541,588.87,5.630044,-1.132134
393.0,0.8,1.7589,4.2207,2.9732,1.2216,1189.4725,67.5318,2.5747,3.5931,337.024,2.833416,-0.686301
394.0,0.4,2.1787,4.6051,2.9833,1.3088,670.8679,73.6812,2.5391,3.675,30.1806,0.449872,-0.76644
395.0,0.4,1.9495,4.5402,2.8682,0.8127,654.2251,72.6428,2.8179,3.7815,39.248,0.599913,-0.830448
396.0,0.8,1.0624,2.7198,1.524,0.8171,722.4482,43.5175,1.7607,1.9809,780.55,10.804409,-0.902935
397.0,1.4,1.8993,4.7168,2.9714,1.401,2253.921,75.4693,2.967,3.71,1269.38,5.631912,-0.770709
398.0,0.8,1.0528,2.6789,1.9322,0.8092,740.7234,42.8625,1.6961,2.3097,757.79,10.230428,-0.644029
399.0,0.4,0.6192,1.4316,0.8962,0.4015,201.1025,22.9054,0.8575,1.1282,296.453,14.741259,-0.784711
400.0,0.8,1.6114,4.2689,2.4702,1.4294,1114.7422,68.3027,2.7926,3.116,434.143,3.894577,-0.892765
401.0,0.8,0.9631,2.7629,1.7382,0.8781,714.8484,44.2068,1.8918,2.1491,937.402,13.113417,-0.778909
402.0,0.8,1.751,3.6482,2.6059,0.8108,1101.4596,58.3717,2.0071,3.2163,308.291,2.798956,-0.66895
403.0,0.4,1.9122,4.004,2.4478,1.2354,576.6927,64.0638,2.1789,3.0184,39.3156,0.681741,-0.817797
404.0,0.4,1.3417,3.9535,3.037,1.0851,530.7637,63.2552,2.7339,3.5961,95.7407,1.803806,-0.622754
405.0,0.8,1.1556,3.0054,2.4453,0.9024,844.6153,48.0867,1.9174,2.8349,661.626,7.833509,-0.551879
406.0,0.4,0.7264,1.5408,0.9446,0.4118,223.3955,24.6528,0.8605,1.1992,223.158,9.989369,-0.803206
407.0,0.4,2.4799,4.1271,2.8165,0.7957,678.8389,66.034,1.7333,3.4644,20.4254,0.300889,-0.692213
408.0,0.4,0.8348,2.1827,1.3299,0.5908,293.4888,34.9235,1.4349,1.701,203.274,6.926184,-0.853836
409.0,0.4,2.5639,4.1526,3.1047,0.9207,695.2936,66.4418,1.6381,3.6051,18.5783,0.267202,-0.602944
410.0,1.2,2.3423,4.8935,3.8729,1.2794,2232.9919,78.2955,2.6509,4.549,547.786,2.453133,-0.570566
411.0,0.4,1.051,2.5044,1.3347,0.6638,342.4374,40.0707,1.564,1.804,131.312,3.834657,-1.011934
412.0,0.8,1.9383,4.8166,3.2139,1.2924,1336.3798,77.0656,3.0413,3.9917,295.799,2.213435,-0.751589
413.0,0.4,1.409,4.1469,2.1998,0.5874,547.7928,66.3507,3.0458,3.0789,88.669,1.618667,-1.075033
414.0,0.4,0.858,2.0499,1.4436,0.444,294.4833,32.7983,1.27,1.8012,176.454,5.991968,-0.703158
415.0,0.4,0.6303,1.7016,0.917,0.4918,221.6345,27.2259,1.1467,1.2159,322.821,14.565628,-0.98468
416.0,0.8,1.5046,3.9998,2.0516,0.9368,1058.7141,63.9975,2.7252,2.8511,477.865,4.513685,-1.074676
417.0,0.4,1.6626,4.0983,3.2489,1.2153,583.7199,65.5727,2.5271,3.7924,53.8304,0.922194,-0.589456
418.0,0.4,0.752,2.1551,1.7149,0.6016,293.555,34.4816,1.464,2.0112,248.386,8.46131,-0.587724
419.0,0.4,1.9587,4.4556,3.9562,1.4838,663.3327,71.2896,2.5518,4.4165,35.4028,0.533711,-0.488186
420.0,0.4,1.6113,4.4463,2.6486,1.4308,577.1509,71.1405,2.9864,3.3305,67.3096,1.166234,-0.884785
421.0,0.4,1.372,2.2243,1.6047,0.4363,372.3893,35.5881,0.8889,1.9196,62.3694,1.674811,-0.632522
422.0,0.8,1.4974,4.3732,4.0119,1.6454,1198.7499,69.9704,2.9355,4.4305,471.831,3.93598,-0.453537
423.0,0.8,1.5901,3.4084,2.1603,0.8179,996.2315,54.5348,1.9346,2.7573,375.79,3.772143,-0.780244
424.0,0.8,2.357,4.0961,3.0721,0.8955,1335.9867,65.5377,1.8099,3.6455,166.35,1.245149,-0.605224
425.0,0.8,1.4054,4.2024,2.307,0.9305,1082.6745,67.2379,3.0409,3.0981,577.257,5.331729,-0.999246
426.0,0.4,1.4395,4.307,2.5162,1.183,550.4193,68.9123,3.0619,3.2386,89.5224,1.626447,-0.924311
427.0,0.4,0.976,2.6307,2.4744,1.045,370.7351,42.0909,1.6807,2.6982,142.007,3.83039,-0.434221
428.0,0.4,1.3579,2.9344,2.4883,1.0393,438.5479,46.9497,1.604,2.7604,69.3515,1.581366,-0.511171
429.0,0.8,1.1487,2.7958,2.2901,0.8416,804.3616,44.732,1.7036,2.6459,638.231,7.934486,-0.540612
430.0,0.4,1.0808,3.0324,2.2637,0.8001,412.2686,48.5182,2.0507,2.7158,134.956,3.273483,-0.651646
431.0,0.4,1.074,2.8316,2.6838,1.1311,402.5509,45.3051,1.7835,2.9181,117.801,2.926331,-0.429049
432.0,0.8,1.4425,3.8409,2.9242,0.9957,1067.1899,61.4551,2.5182,3.4997,492.105,4.611275,-0.625714
433.0,0.8,2.552,4.4803,3.2638,0.9469,1451.1698,71.6842,2.0179,3.9342,145.332,1.001473,-0.634049
434.0,0.4,1.3986,3.8534,2.1787,0.9749,506.7242,61.655,2.6433,2.8798,87.0254,1.717428,-0.966151
435.0,0.4,1.7718,3.1057,2.4168,0.7772,504.3914,49.6911,1.3731,2.7872,38.7983,0.769209,-0.576591
436.0,0.8,2.1189,4.6883,2.7643,1.2986,1328.2995,75.0132,2.7213,3.5522,240.222,1.808502,-0.866425
437.0,0.4,2.692,4.9805,3.3958,1.0362,783.2454,79.6875,2.4221,4.2333,18.1573,0.23182,-0.710988
438.0,1.3,1.8715,4.576,3.5439,1.3007,2120.337,73.2165,2.8166,4.1817,1040.42,4.906895,-0.588461
439.0,0.8,1.0476,3.1424,2.0216,0.9216,809.6885,50.2791,2.2113,2.5017,867.35,10.712293,-0.775478
440.0,0.4,1.0627,2.1028,1.5413,0.4662,324.9262,33.6445,1.095,1.8786,108.068,3.325895,-0.644838
441.0,0.8,1.4492,3.8919,2.9682,1.0987,1072.8778,62.2707,2.5524,3.5212,491.839,4.584319,-0.62
442.0,0.4,0.5895,1.51,1.329,0.5072,215.33,24.1593,0.9442,1.4944,319.159,14.821425,-0.48678
443.0,0.4,1.0783,3.0819,1.6389,0.6532,402.4728,49.3109,2.1922,2.248,142.323,3.53625,-1.056715
444.0,0.4,1.6865,4.1135,2.5662,1.0946,568.9633,65.8167,2.5782,3.264,54.7124,0.961626,-0.831929
445.0,0.4,1.4734,3.1272,2.782,1.0582,476.9216,50.0355,1.6833,3.0755,58.0268,1.216702,-0.47973
446.0,0.8,1.1003,2.8108,1.5454,0.8674,743.5938,44.9723,1.8153,2.0139,743.181,9.994337,-0.924794
447.0,0.4,1.514,3.7396,2.4843,0.8194,526.1067,59.8328,2.3829,3.1563,66.6133,1.266139,-0.773721
448.0,0.4,0.7051,1.5718,0.9331,0.4267,222.5977,25.1487,0.9195,1.2008,240.849,10.81988,-0.844998
449.0,0.4,0.8861,1.9795,1.0865,0.4631,280.3786,31.6714,1.1831,1.4752,166.005,5.920632,-0.960594
450.0,0.8,1.6247,4.5051,2.2217,0.8354,1188.9042,72.081,3.1999,3.1893,431.146,3.626385,-1.154688
451.0,0.4,1.8223,4.1089,2.7148,0.8754,597.2191,65.7431,2.4495,3.4681,43.6953,0.731654,-0.77132
452.0,1.4,1.631,4.7887,2.8433,1.5164,2134.1763,76.619,3.3343,3.5815,1722.77,8.072274,-0.838951
453.0,0.4,1.8481,3.8209,2.6436,0.8316,576.2536,61.1338,2.0946,3.3036,39.8841,0.692121,-0.711865
454.0,1.2,2.0015,4.629,2.9088,1.2395,1958.0689,74.0636,2.7831,3.6826,775.296,3.959472,-0.785574
455.0,0.4,2.4291,3.8097,2.6625,0.7019,645.0067,60.9546,1.4429,3.209,20.7561,0.321793,-0.660534
456.0,0.4,0.5932,1.758,1.0339,0.4903,225.2761,28.1279,1.2419,1.3263,372.532,16.536627,-0.889492
457.0,0.4,0.9348,2.3995,1.1585,0.5142,321.3942,38.3924,1.6195,1.6736,166.115,5.168629,-1.174048
458.0,0.8,1.2956,2.9754,1.9279,0.8125,843.746,47.6061,1.7719,2.4075,539.436,6.393306,-0.750879
459.0,0.4,1.7665,4.482,2.776,0.8446,623.9162,71.7117,2.9512,3.6576,50.9982,0.817385,-0.860363
460.0,0.4,1.5561,4.5667,2.3156,0.4741,608.1645,73.0674,3.3954,3.34,72.3708,1.189991,-1.14535
461.0,1.3,1.6305,4.3427,4.1035,1.3395,2031.8764,69.4829,2.7876,4.5937,1273.37,6.266939,-0.437993
462.0,0.4,0.9358,1.9436,1.1985,0.5891,281.5261,31.097,1.0503,1.4774,146.294,5.196363,-0.795316
463.0,0.4,1.1116,2.8708,1.7636,0.8415,385.7126,45.9331,1.86,2.2261,123.505,3.202016,-0.844171
464.0,0.8,1.6295,3.7983,2.1278,1.0555,1049.1136,60.7735,2.3121,2.7958,388.586,3.703989,-0.925364
465.0,0.4,1.1714,3.4116,1.757,0.94,432.8884,54.5851,2.4167,2.3754,127.906,2.954684,-1.092631
466.0,0.4,1.106,2.6125,1.6786,0.4776,375.0461,41.7995,1.6341,2.1943,113.251,3.019619,-0.806506
467.0,0.8,1.4935,3.7252,4.4278,1.3827,1155.5695,59.6037,2.2569,4.7008,385.105,3.332627,-0.30115
468.0,0.8,1.7902,4.5899,2.6952,1.2122,1238.589,73.4382,2.9939,3.5062,352.021,2.842105,-0.895967
469.0,0.4,0.8627,2.418,1.5601,0.7467,317.1829,38.6885,1.6349,1.922,202.576,6.386808,-0.788061
470.0,0.4,1.4393,4.0377,3.446,1.3495,555.3405,64.6029,2.6746,3.9081,76.8863,1.384483,-0.521363
471.0,1.4,1.5638,4.6572,2.8391,1.5582,2063.9805,74.5148,3.2477,3.5163,1825.33,8.843689,-0.801144
472.0,1.2,1.6375,4.3773,3.6633,1.3365,1837.5486,70.0372,2.8345,4.212,1081.17,5.883796,-0.527748
473.0,0.4,1.4454,3.628,2.2626,1.0482,493.8444,58.0482,2.3059,2.8468,75.074,1.520201,-0.829058
474.0,0.4,2.9155,4.9671,3.7306,1.2,812.2428,79.4732,2.1144,4.3327,14.6869,0.180818,-0.604408
475.0,0.8,1.3985,3.8856,3.2547,1.2768,1068.9241,62.1695,2.5642,3.7129,520.606,4.870366,-0.531554
476.0,0.8,1.3981,3.005,2.4091,0.8036,905.8238,48.0803,1.6684,2.8191,443.508,4.896215,-0.559364
477.0,0.8,1.1789,3.0141,2.2776,0.8061,845.9804,48.2255,1.9233,2.7248,643.614,7.607891,-0.619471
478.0,0.8,2.1883,4.1548,3.026,0.9687,1299.2666,66.4774,2.0579,3.6515,199.107,1.532471,-0.640247
479.0,0.4,1.6445,3.0584,2.5666,0.8764,488.7563,48.9341,1.4449,2.8846,44.8162,0.916938,-0.519732
480.0,0.8,1.9572,4.9998,2.3893,1.167,1332.4541,79.9967,3.3469,3.4374,304.006,2.281547,-1.183077
481.0,0.4,0.9834,2.7455,1.4068,0.5401,361.5339,43.9277,1.9438,1.9762,162.247,4.487709,-1.107334
482.0,1.2,1.6938,4.4794,2.8033,1.2273,1805.2165,71.6703,2.9571,3.5459,1070.74,5.931358,-0.798815
483.0,0.8,1.4174,4.1801,3.3085,1.1728,1127.0837,66.8812,2.8831,3.8802,544.725,4.833019,-0.590232
484.0,0.8,1.2982,3.0219,1.9443,0.893,847.0395,48.3501,1.8085,2.406,544.553,6.428857,-0.754101
485.0,0.4,1.8206,4.6454,2.0332,0.6047,635.0044,74.3259,3.2417,3.1926,47.3562,0.745757,-1.362961
486.0,0.4,2.1387,3.539,2.6889,0.8207,587.7879,56.6233,1.4418,3.108,26.5453,0.451608,-0.590873
487.0,1.5,1.6205,4.763,4.0347,1.625,2413.4329,76.2079,3.2344,4.5727,1921.22,7.960517,-0.503383
488.0,0.4,1.5972,2.869,2.459,0.8634,465.2744,45.9033,1.2914,2.7083,46.1759,0.992429,-0.496781
489.0,0.4,1.2975,3.5115,3.0328,1.2122,488.7921,56.1845,2.2723,3.4173,89.7903,1.837,-0.510069
490.0,0.8,1.4074,3.8106,2.7617,0.9956,1043.2605,60.9701,2.5314,3.3484,522.108,5.00462,-0.67066
491.0,1.2,1.4782,4.0404,2.4929,1.358,1580.483,64.6462,2.6826,3.0773,1318.56,8.34274,-0.786262
492.0,0.4,1.2619,3.0409,1.6254,0.8841,411.1913,48.6547,1.8986,2.1615,95.651,2.326207,-1.007153
493.0,0.4,1.1262,3.0082,1.4003,0.6619,395.5496,48.1312,2.0837,2.0435,124.633,3.150882,-1.244963
494.0,0.4,1.3339,2.9804,2.1479,0.6783,438.7634,47.6861,1.7429,2.6459,77.2294,1.760149,-0.679197
495.0,0.4,1.1575,3.0508,1.8802,0.8462,409.0164,48.8132,2.0104,2.3875,116.707,2.853381,-0.847666
496.0,0.4,1.4649,3.6493,2.3502,0.6961,513.4819,58.3892,2.3638,3.0525,71.1677,1.385992,-0.812734
497.0,0.4,0.8941,2.2794,1.6307,0.5114,320.4941,36.4711,1.4724,2.0155,173.076,5.40039,-0.693832
498.0,0.4,1.6599,3.4201,2.0637,0.9597,498.339,54.722,1.8496,2.601,50.9997,1.023401,-0.835639
499.0,0.8,1.5936,4.5104,2.4337,1.2397,1161.7503,72.1668,3.1351,3.2386,462.961,3.985052,-1.009362
500.0,0.4,2.2462,4.7559,2.93,0.8306,707.6563,76.094,2.7364,3.9135,27.9904,0.395535,-0.845085
501.0,0.4,1.9159,4.5002,2.1999,1.1429,614.8833,72.003,2.8126,3.1069,42.8762,0.697304,-1.142984
502.0,0.4,1.6033,3.0343,2.2388,0.6973,476.4011,48.5496,1.4973,2.6951,49.3148,1.03517,-0.636224
503.0,0.4,2.0361,3.9223,2.749,0.8701,607.8885,62.7569,1.9889,3.3875,31.7968,0.52307,-0.688261
504.0,0.4,1.4978,4.1232,1.8338,0.715,542.698,65.9708,2.9583,2.7753,74.629,1.37514,-1.340777
505.0,0.8,1.9183,4.4435,3.274,1.3068,1276.3469,71.0954,2.6269,3.8904,281.405,2.20475,-0.641912
506.0,0.8,1.186,2.8557,1.71,0.8606,781.5255,45.6913,1.7605,2.1652,639.681,8.185048,-0.825734
507.0,0.8,1.6232,4.6343,2.4445,1.1886,1193.7075,74.1492,3.2586,3.3059,451.637,3.783502,-1.047056
508.0,0.4,1.35,3.5224,1.8047,0.8573,467.7711,56.3592,2.3664,2.502,88.7921,1.898222,-1.094779
509.0,0.4,1.4652,3.5546,3.34,1.3573,519.9434,56.8731,2.1206,3.6406,62.6115,1.204188,-0.43907
510.0,0.8,1.0316,2.6755,1.6663,0.8009,718.1443,42.8074,1.7336,2.0872,807.2,11.239923,-0.786703
511.0,0.4,1.0565,3.162,1.5321,0.5713,407.0953,50.5926,2.3392,2.1948,151.928,3.732045,-1.203012
