index,thickness,radius,length_x/2,length_y/2,arc_x,arc_y,equal_S,equal_length,Moduli,Poisson Ratio
0.0,0.4,0.7455,1.5417,1.8947,10.677,-1.0281,565.836,60.6303,-82395.582455,-1.800697
1.0,0.4,0.5771,1.6714,1.4724,9.4127,-11.182,437.0628,47.1176,-10767.873698,-1.070657
2.0,0.4,0.8626,2.3876,1.9269,7.5461,-3.5023,635.9703,61.6617,-13038.383472,-1.219139
3.0,1.2,1.7271,4.4256,4.6992,20.2859,-7.4059,4189.5281,150.3752,-134204.423001,-1.39649
4.0,0.4,0.5558,1.1701,1.5828,11.2561,-11.4735,446.2923,50.6498,-13959.288719,-1.392636
5.0,0.8,1.0283,2.6627,2.3415,20.3809,-7.2554,1435.3981,74.9283,-86340.687803,-1.196227
6.0,0.4,1.0094,2.8474,1.8844,13.1758,-16.7199,641.3053,60.2998,-2457.563415,-0.927997
7.0,0.4,1.3523,2.9027,3.4488,13.091,1.6312,1064.0103,110.3622,12007.701541,-2.108152
8.0,0.4,1.2605,2.071,1.8837,17.4039,-10.2532,704.3325,60.2775,-3292.206651,-1.096572
9.0,0.4,1.251,3.572,2.6336,12.7992,-10.0745,872.1539,84.2745,-2424.99682,-1.099971
10.0,0.4,1.0188,1.7894,2.0744,12.1626,-5.37,681.0282,66.3807,-9053.529676,-1.430278
11.0,0.4,1.5343,3.9684,4.5887,12.6881,-12.3931,1387.9509,146.8377,-1059.695307,-1.231241
12.0,0.4,0.8302,2.2742,2.3011,20.0406,-15.351,651.1178,73.6349,-5018.851587,-1.298753
13.0,0.8,2.826,4.3958,4.9736,20.496,-9.4589,3619.271,159.1543,-9697.488619,-1.33948
14.0,0.4,1.4534,3.5778,3.733,12.8485,-0.3216,1167.0982,119.4573,-50527.101512,-1.744465
15.0,0.4,0.8335,1.8981,2.2023,20.7803,-0.6812,632.7084,70.4725,-115662.044375,-2.042411
16.0,0.4,0.636,1.8688,1.6441,16.5595,-17.5075,475.8506,52.6126,-6550.421778,-1.091163
17.0,0.4,0.7302,1.916,1.7407,13.6906,-10.6831,525.5104,55.7038,-8095.323099,-1.181279
18.0,0.4,1.2188,3.327,3.5616,11.4114,-3.2635,1065.7097,113.9722,-6931.242609,-1.532301
19.0,0.4,1.5632,4.3185,4.0453,7.6051,-1.8393,1484.065,129.4482,-3471.322058,-0.987991
20.0,0.4,1.3546,3.0986,3.0981,21.3531,-5.8116,957.5272,99.1386,-4753.4048,-1.516355
21.0,0.4,1.561,3.0243,4.5199,13.0381,-3.5811,1360.9412,144.6382,-4450.775567,-1.709572
22.0,0.4,0.4782,1.3206,1.2603,11.8551,-8.1748,362.7048,40.3307,-22543.485144,-1.119887
23.0,0.4,0.6785,1.5104,1.4521,14.6439,-12.7952,454.4821,46.4661,-8189.31956,-1.143504
24.0,0.4,0.9754,2.826,2.4842,19.3578,-15.484,730.3764,79.4953,-3322.124288,-1.228271
25.0,1.2,1.4768,3.661,4.1827,13.8696,-4.0255,3773.9056,133.8467,-278953.013916,-1.38549
26.0,0.4,0.9367,2.7363,2.662,16.0489,-0.0882,759.1934,85.1842,-602942.676566,-2.191806
27.0,0.4,1.0964,2.6686,3.2691,9.5385,-5.8025,978.5334,104.6112,-4837.250256,-1.386851
28.0,0.4,1.3003,3.3666,3.7367,9.472,-12.9343,1171.0985,119.5735,-1250.073622,-1.089501
29.0,0.4,1.0751,1.6926,2.0388,16.3447,-12.1349,679.8955,65.2424,-4051.243625,-1.388657
30.0,0.8,0.8784,2.3743,2.2378,14.0305,-14.3791,1329.9528,71.6097,-52590.304809,-1.040503
31.0,0.4,1.388,2.274,3.1555,18.0034,-11.4579,986.043,100.9748,-2539.107391,-1.604948
32.0,0.8,0.9957,2.8315,2.7266,10.4647,-11.8212,1641.2401,87.2525,-42687.727584,-1.066529
33.0,0.4,0.4064,1.1475,1.0712,13.8919,-11.0474,305.5375,34.2797,-21790.904246,-0.996586
34.0,0.4,1.2136,2.6608,3.0224,8.2135,-13.3993,991.5426,96.7171,-1622.915528,-1.125562
35.0,0.4,1.2119,2.0308,1.9077,19.7491,-14.9207,690.7853,61.0467,-2524.055484,-1.119309
36.0,0.4,0.4172,1.0263,1.0164,17.1379,-11.8074,297.4406,32.5237,-19919.20068,-1.037525
37.0,0.4,1.356,2.3569,3.5446,18.2636,2.3887,1050.7184,113.4284,9959.642258,-2.598138
38.0,0.8,2.2448,4.5286,4.8015,11.9533,-9.9704,3463.7423,153.6491,-9489.040132,-1.1131
39.0,0.8,1.2002,3.3949,3.1625,13.2998,-10.9852,1915.5212,101.1995,-34984.166476,-1.159621
40.0,1.4,1.8999,4.8529,4.8728,13.1097,-8.6438,5582.5,155.9306,-120333.676059,-1.090328
41.0,0.4,0.8145,2.1001,1.9057,16.1502,-15.4521,577.9555,60.9825,-4696.846838,-1.158914
42.0,0.4,0.5145,1.0692,1.0071,10.214,-13.3088,328.0907,32.2259,-12246.424557,-1.008681
43.0,0.8,0.9049,2.2578,2.4758,16.966,-13.9981,1421.7243,79.2255,-56468.524729,-1.172803
44.0,0.4,0.5038,1.3732,1.1274,10.5725,-16.3807,347.2449,36.0776,-9657.80849,-0.935884
45.0,0.4,0.4225,1.2101,1.2086,14.3874,-16.1043,334.9102,38.6766,-14528.47434,-1.023666
46.0,0.8,1.2096,3.5407,3.0219,16.7527,-13.207,1827.8872,96.6996,-31741.421726,-1.138679
47.0,0.4,0.9713,2.3439,1.6916,6.2548,-13.6521,641.1889,54.1322,-2699.489853,-0.840708
48.0,0.4,1.2761,2.82,3.7777,20.1877,-10.6171,1065.4175,120.8859,-3227.782155,-1.656368
49.0,0.8,1.4498,2.6605,2.9897,18.0469,-4.0427,1948.4561,95.6713,-86006.543906,-1.454628
50.0,0.8,1.1016,2.8366,2.5968,7.1281,-12.8222,1771.841,83.097,-26149.310598,-0.892757
51.0,0.4,1.0905,2.0712,1.7406,12.3955,-10.9214,638.0496,55.699,-3757.939078,-1.033373
52.0,0.4,1.4543,4.1052,3.0158,19.2602,-5.8334,981.5161,96.5054,-3494.574508,-1.328158
53.0,0.4,0.6493,1.3623,1.6397,11.2461,0.3499,485.6944,52.4716,298269.255078,-2.048609
54.0,0.4,0.7959,2.2506,1.8669,6.8315,-7.9014,608.0716,59.7412,-6458.310557,-1.035453
55.0,1.3,1.6201,3.6917,4.1244,17.6526,-3.1453,4092.7731,131.9809,-471761.371278,-1.467991
56.0,0.8,2.0736,4.7172,4.9458,11.2524,-7.2776,3470.6089,158.2661,-12697.412705,-1.093321
57.0,0.4,0.5538,1.4029,1.5939,19.5078,-7.0395,440.2803,51.0037,-23953.913001,-1.371271
58.0,0.4,0.8926,2.3406,2.2213,18.8329,-12.4466,656.5474,71.081,-5117.243078,-1.279567
59.0,0.4,0.7034,1.8258,1.873,10.9362,-5.899,548.6816,59.9368,-15324.574221,-1.357924
60.0,0.8,1.909,3.9224,3.8353,13.9495,-9.374,2667.857,122.728,-17537.667762,-1.180962
61.0,0.4,1.1416,3.2169,2.7908,18.3767,-2.4338,841.7767,89.3058,-14582.574445,-1.706102
62.0,0.4,1.527,4.4201,3.446,18.9119,-5.7877,1091.3493,110.2705,-3093.797559,-1.410787
63.0,0.4,1.3649,3.3661,2.5908,9.36,-10.4265,939.427,82.9071,-1781.965758,-0.981091
64.0,0.4,0.4464,1.2286,0.9607,18.1879,-18.071,295.512,30.7424,-10927.206909,-0.871215
65.0,0.4,0.603,1.4168,1.6935,14.1104,-16.1379,477.2823,54.1925,-8593.549251,-1.294246
66.0,1.2,1.3036,3.7817,3.2073,16.8659,-12.0859,2941.3971,102.6321,-128863.791332,-1.046912
67.0,0.8,0.8335,1.8751,2.2457,17.4733,-14.1165,1289.4151,71.8627,-66749.492115,-1.190403
68.0,0.8,1.2854,3.4787,3.8034,13.049,-5.5389,2241.6634,121.7097,-57644.237483,-1.391501
69.0,0.4,1.3734,3.7436,3.0689,11.6203,-3.3529,1017.0597,98.2045,-5400.898052,-1.342465
70.0,0.8,1.3945,2.8892,3.7396,14.467,-5.7517,2250.8926,119.6659,-57762.25305,-1.516851
71.0,1.3,1.8362,3.8715,4.0389,21.3063,-11.7716,4197.7295,129.2449,-111723.580571,-1.222753
72.0,0.4,0.9056,1.8765,2.3263,18.6173,-5.1126,679.612,74.4404,-13541.45173,-1.654802
73.0,0.8,1.5161,3.4087,3.4764,20.069,-2.8281,2169.3393,111.245,-105986.364374,-1.563891
74.0,0.8,1.9102,4.8287,4.5475,10.8392,-1.7683,3193.6929,145.5187,-56431.175574,-1.22123
75.0,0.8,0.9415,2.0718,2.7038,15.9448,-7.7861,1534.1701,86.5206,-98864.140281,-1.401427
76.0,0.4,0.8667,2.1636,2.5045,9.2072,-14.7533,737.4311,80.1447,-3502.515869,-1.224621
77.0,0.8,1.5499,3.1262,3.3266,14.5541,-1.5541,2187.0711,106.4518,-166694.153982,-1.528149
78.0,0.4,1.1121,2.0077,1.7198,12.8105,-11.4359,639.046,55.0341,-3552.843981,-1.035137
79.0,0.4,0.6718,1.3434,1.9158,16.1964,-16.5463,536.2608,61.3065,-7713.088557,-1.508728
80.0,0.4,1.5901,2.8727,3.1424,8.7039,-7.8634,1148.268,100.556,-1793.652106,-1.178548
81.0,0.4,0.8829,1.8422,1.6196,14.9218,-7.0347,546.1879,51.826,-8943.484804,-1.160773
82.0,0.4,0.9323,2.458,1.7173,11.2742,-13.038,590.3896,54.9529,-3697.632764,-0.950091
83.0,1.2,1.4083,3.8602,3.408,17.1331,-14.43,3157.2463,109.0569,-95692.157683,-1.050576
84.0,0.4,0.8625,2.4034,1.9802,15.5112,-14.3738,607.9139,63.3665,-4284.908069,-1.119984
85.0,0.4,1.2625,2.2215,2.5843,17.4185,-0.9959,839.1432,82.697,-31610.427295,-1.745233
86.0,0.8,0.8299,1.8753,2.1319,13.406,-12.2221,1260.4464,68.2199,-72242.229264,-1.141621
87.0,0.4,1.1899,3.2394,2.6851,11.5504,-8.5779,870.3236,85.9247,-3110.905848,-1.173453
88.0,0.4,1.3251,2.4786,2.4693,15.598,-6.8355,842.5237,79.0184,-4114.551973,-1.298729
89.0,0.4,1.4437,3.1898,3.29,11.9408,-4.8103,1076.6969,105.2804,-3816.702096,-1.375745
90.0,0.4,1.1688,2.887,2.1766,4.8675,-10.7425,920.8894,69.6513,-1544.125431,-0.715541
91.0,0.4,1.5764,2.7517,3.8498,15.1561,2.2843,1201.046,123.1938,6665.228634,-2.248785
92.0,0.4,1.5745,3.5772,4.5524,19.1205,-4.7154,1319.6338,145.6753,-4071.864739,-1.780864
93.0,0.4,1.1798,1.9209,2.4069,11.6652,-15.1361,800.1486,77.0205,-2405.718703,-1.371881
94.0,1.2,1.2419,2.9743,3.5662,19.6025,-4.1322,3050.0014,114.1187,-469606.963131,-1.454961
95.0,0.4,0.837,2.0082,2.0218,5.674,-1.4116,673.5644,64.6974,-29139.6861,-1.323727
96.0,0.4,1.1736,3.3504,3.3664,7.9897,0.4261,1081.8312,107.7258,35909.509588,-1.512225
97.0,0.4,1.4843,3.0631,2.53,13.6999,-14.829,916.028,80.961,-1373.909421,-1.028314
98.0,0.8,1.6681,4.3241,4.5154,9.1341,-10.331,3099.6904,144.4942,-10720.703945,-0.914039
99.0,0.4,0.8736,1.8493,1.7738,16.3969,-3.0882,570.2016,56.7627,-21183.118206,-1.421477
100.0,0.4,1.4451,3.8125,4.0423,21.6022,-1.7059,1167.7698,129.3539,-13619.227311,-2.003011
101.0,0.4,1.2179,2.8435,2.5333,8.455,-2.3638,882.5914,81.067,-9503.215013,-1.284745
102.0,0.4,0.5718,1.3552,1.2887,3.5711,-3.6859,446.4733,41.239,-23125.068795,-1.006496
103.0,0.4,1.0245,2.9475,2.4166,11.1512,-10.9335,762.192,77.3308,-3332.169413,-1.124881
104.0,0.4,1.0426,1.7829,2.8497,20.1562,-9.916,815.837,91.1914,-6020.028711,-1.841288
105.0,0.4,0.4278,1.1004,1.2815,6.1551,-2.3396,362.9882,41.0082,-84003.091364,-1.35872
106.0,0.4,0.6787,1.5178,1.8155,16.1737,0.5858,520.0438,58.0974,178132.654257,-2.26405
107.0,0.4,1.4564,3.9171,2.8494,18.1089,-5.8214,953.3437,91.18,-3480.249005,-1.261196
108.0,0.4,0.4884,1.3505,1.0725,17.4535,-10.3015,327.9484,34.3189,-17087.821157,-0.970681
109.0,0.8,1.006,2.78,2.7212,18.9197,-6.5969,1569.6935,87.0769,-98953.074447,-1.336233
110.0,0.8,1.0374,2.9788,2.8221,20.0872,-14.9114,1622.8298,90.3072,-41343.446946,-1.161283
111.0,0.8,1.8835,4.9708,3.8464,22.2747,-11.0002,2538.2479,123.0848,-16724.110937,-1.175115
112.0,0.4,1.158,1.8145,2.7192,16.9617,-14.955,833.1926,87.0149,-2992.009213,-1.667045
113.0,0.4,0.4046,1.1393,1.1121,4.4025,-9.4689,332.8489,35.5881,-19065.45122,-0.936451
114.0,0.8,1.6552,3.976,4.6702,10.6084,-9.0295,3009.0017,149.445,-15725.234061,-1.118308
115.0,0.4,0.4789,1.3635,1.1151,12.4426,-3.0909,335.7219,35.6846,-57512.533141,-1.201474
116.0,0.4,0.696,1.2848,2.0602,14.4683,-4.8049,572.5114,65.9261,-25399.184435,-1.817856
117.0,0.4,1.1311,2.2405,2.1119,17.6897,-4.2616,708.9604,67.5794,-9224.059711,-1.343283
118.0,0.4,1.4235,3.1598,2.9742,15.7603,-1.6067,974.789,95.1731,-13206.092651,-1.569505
119.0,0.4,0.8128,1.9145,1.7129,19.7811,-3.9078,537.55,54.8119,-19403.727258,-1.373948
120.0,0.4,1.167,2.9843,2.9525,14.2611,-14.0143,895.9866,94.4789,-2284.746964,-1.252264
121.0,0.4,0.5988,1.3899,1.3788,17.1234,-15.082,415.5976,44.1203,-8946.880154,-1.142296
122.0,0.4,0.6224,1.4089,1.6655,20.4553,-10.1934,472.721,53.2964,-13698.737642,-1.376034
123.0,0.4,0.8807,1.9132,2.3589,9.8959,-0.9755,705.332,75.4839,-56530.807914,-1.814625
124.0,0.4,0.6083,1.1688,1.2217,10.2396,-16.8531,396.1371,39.0943,-7533.193647,-1.119714
125.0,0.4,1.2353,3.2391,2.2813,21.2786,-13.4655,767.4894,73.0012,-2271.207737,-1.046502
126.0,0.4,1.4482,4.2645,4.2601,10.3292,-12.177,1348.3348,136.3247,-904.451457,-1.011518
127.0,0.4,0.8104,1.8131,1.9654,14.8943,-6.608,589.5009,62.8936,-11730.851049,-1.415837
128.0,0.4,0.5573,1.3612,1.3784,12.9391,-6.3536,406.779,44.1095,-23264.931466,-1.246054
129.0,0.8,1.8519,4.6258,4.5306,19.6899,-3.2676,2817.6522,144.98,-55247.42115,-1.573862
130.0,0.4,0.4506,1.2905,1.2542,9.9121,-4.2667,355.714,40.1345,-46377.175236,-1.227221
131.0,1.4,1.8358,4.5624,4.2145,17.1731,-6.0018,4758.3888,134.8628,-241474.076676,-1.234315
132.0,0.4,1.3547,2.6406,2.729,7.4098,-2.7104,995.9883,87.3293,-6486.113844,-1.241415
133.0,0.8,1.7796,3.8514,3.9366,14.5708,-2.9536,2605.8035,125.972,-61993.093518,-1.432144
134.0,0.4,1.2819,2.3339,2.8996,17.7172,-14.9119,905.0887,92.7859,-2205.919497,-1.451748
135.0,0.4,0.4187,0.8703,0.9926,17.6316,-6.7295,293.4138,31.7619,-36498.265547,-1.171701
136.0,1.2,1.6561,4.0553,4.4516,16.6299,-6.0987,4046.7902,142.4503,-163373.134364,-1.368482
137.0,0.8,1.7715,4.2286,3.8326,17.7927,-5.2191,2504.6605,122.6419,-38148.832586,-1.350631
138.0,0.4,0.875,1.4384,1.4819,12.9896,-12.1711,520.3953,47.4197,-5676.798991,-1.169953
139.0,0.4,1.5018,3.2819,2.306,11.9671,-11.1568,889.6684,73.7925,-1693.838534,-0.930353
140.0,0.4,1.4688,4.1728,3.9837,6.9773,-3.2312,1466.9803,127.478,-1970.919495,-0.86317
141.0,0.4,1.0021,2.5782,2.0584,6.3202,-8.403,739.9605,65.8694,-3565.270357,-0.941338
142.0,0.4,1.4174,2.2424,3.2927,19.1101,-14.3293,1017.8676,105.366,-2026.687193,-1.658275
143.0,0.4,1.3218,2.1811,1.9194,15.7682,-15.0193,733.2292,61.4197,-2017.629846,-1.029548
144.0,0.8,1.5356,3.8024,3.6951,16.2803,-2.9331,2311.6657,118.2437,-87252.247806,-1.512565
145.0,0.4,0.8808,1.8518,2.2363,11.3399,-14.3059,673.0738,71.5627,-4308.841251,-1.346675
146.0,0.4,0.5256,1.5109,1.2442,12.4605,-13.4625,373.31,39.815,-11171.412699,-0.993068
147.0,0.4,1.3077,3.7736,2.4788,16.4844,-13.5209,840.522,79.3224,-1806.501079,-1.013948
148.0,0.4,0.7993,1.7522,2.3743,10.1246,-10.5641,679.6364,75.9792,-6866.31638,-1.45417
149.0,0.8,0.9087,2.5261,2.4075,19.8449,-12.4723,1389.639,77.0411,-62385.318677,-1.127491
150.0,1.3,1.3132,3.5006,3.3373,20.8858,-6.039,3226.2974,106.7937,-372056.228897,-1.240796
151.0,0.8,1.7719,4.2285,4.6029,16.91,-8.8804,2835.7684,147.2932,-21391.40447,-1.366837
152.0,0.4,1.0527,2.9261,2.178,14.4465,-15.1659,707.6123,69.6973,-2563.688089,-1.04315
153.0,0.8,1.6371,3.3882,3.3959,10.3314,-10.7187,2392.656,108.6681,-18549.592962,-1.089862
154.0,0.4,1.5984,3.4365,3.8866,16.2109,-3.1863,1212.8604,124.3716,-5289.540747,-1.639569
155.0,0.8,1.2194,2.9427,3.2399,15.2262,-6.103,1928.2726,103.6779,-70347.526041,-1.408911
156.0,0.8,1.0007,2.3287,2.8058,12.3737,-4.2146,1640.7807,89.7846,-142620.705131,-1.439662
157.0,0.4,0.471,1.0727,1.3609,17.7879,-9.0893,374.8105,43.5484,-24497.937683,-1.314217
158.0,0.4,0.5334,1.3334,1.1639,13.4235,-14.28,359.799,37.2453,-10690.552281,-1.00498
159.0,1.2,1.2277,2.8413,3.1147,19.5773,-8.0939,2777.2272,99.6713,-244809.972848,-1.224829
160.0,0.4,0.7276,1.7899,1.2944,20.3118,-12.1275,435.8675,41.4208,-7281.136034,-0.953744
161.0,0.8,1.5172,4.2698,3.1282,8.7209,-12.9226,2327.2746,100.1014,-13274.8607,-0.825522
162.0,0.8,0.9491,2.5667,2.2426,8.7945,-5.9834,1438.2688,71.7647,-90458.562649,-1.075499
163.0,0.8,1.3515,3.9074,3.2795,12.1085,-13.869,2100.1733,104.9428,-19745.377296,-1.028107
164.0,0.4,1.1292,2.8384,3.2046,19.5789,-2.2841,912.4894,102.5476,-18148.548687,-1.946081
165.0,0.4,1.4717,2.2031,3.1041,18.9526,0.0618,998.6101,99.3321,384581.40501,-2.018099
166.0,0.4,0.8667,1.5685,2.098,12.8216,0.7331,635.8207,67.1353,83259.703459,-2.182146
167.0,0.4,1.529,2.1675,2.3654,18.5988,-9.8172,874.4349,75.6944,-2471.208955,-1.277296
168.0,0.4,1.013,2.1859,1.8799,17.1518,-5.4477,630.8401,60.1567,-8848.097642,-1.237447
169.0,0.4,0.9964,2.3403,2.869,14.3632,-6.951,821.9354,91.8074,-7235.119953,-1.575081
170.0,0.4,0.6817,1.9634,2.0336,5.7912,-10.4943,616.4591,65.0756,-5625.255897,-1.012411
171.0,0.4,1.3846,3.8391,4.0925,20.4039,0.9414,1163.2346,130.9609,25164.626796,-2.392974
172.0,0.8,1.3381,2.7991,3.1851,13.2414,-14.742,2006.7431,101.9237,-24105.43083,-1.228016
173.0,0.4,1.2049,3.4147,3.4692,15.4582,-4.472,1006.0758,111.0135,-6625.036381,-1.640107
174.0,0.4,0.4063,1.2022,1.0432,10.3543,-8.7863,302.8804,33.3822,-25765.25123,-0.973492
175.0,0.4,1.4058,3.235,4.1285,20.87,-9.568,1172.6163,132.1114,-2821.044034,-1.653516
176.0,0.4,0.8553,2.4633,1.8784,20.096,-14.8251,580.693,60.1094,-4359.850929,-1.08956
177.0,1.3,2.0198,4.7845,4.6979,19.6278,-3.3882,4873.7388,150.3313,-282381.050708,-1.433258
178.0,0.4,1.0154,2.1637,2.626,17.3448,-14.6239,771.8253,84.031,-3616.07563,-1.446511
179.0,0.4,1.4035,3.2736,2.7788,13.4939,-14.4666,943.6269,88.921,-1468.057148,-1.084215
180.0,0.4,0.6836,1.5623,1.8964,17.5432,-0.4742,534.9923,60.6846,-239669.559988,-2.056886
181.0,0.4,1.591,2.4529,2.191,11.519,-15.8481,890.9431,70.1105,-1258.124592,-1.004735
182.0,0.4,0.8233,1.7177,1.7188,15.3587,-15.6066,546.2831,55.001,-4774.74073,-1.188922
183.0,0.4,0.6592,1.7361,1.4287,9.6051,-5.0558,453.5801,45.7179,-18849.009738,-1.16313
184.0,0.8,1.0274,2.7097,2.3048,19.3577,-6.8797,1424.3848,73.7546,-89444.710366,-1.18275
185.0,0.4,1.155,3.0659,2.5261,10.6967,-14.1879,832.3135,80.8355,-1970.356837,-1.043653
186.0,1.3,2.0528,4.6067,4.7302,15.1489,-10.2366,5101.1919,151.3676,-81951.317765,-1.164229
187.0,0.4,0.7976,2.3314,1.3977,18.131,-16.9011,476.7774,44.7279,-4063.4654,-0.857162
188.0,0.4,0.5302,1.2874,1.2023,8.6365,-14.1289,372.3273,38.4736,-10312.575861,-1.02401
189.0,0.4,1.1321,2.0544,2.9343,20.6307,-7.4062,858.3511,93.8981,-6444.68322,-1.769561
190.0,0.4,0.8849,1.6595,1.9842,19.2077,-15.1615,609.0196,63.4939,-4777.031951,-1.394314
191.0,0.4,0.6189,1.3429,1.1125,4.1028,-17.203,411.4068,35.5995,-5284.102343,-0.842129
192.0,0.4,0.6068,1.0958,1.1172,13.8348,-12.1293,372.0797,35.7495,-11034.064942,-1.115649
193.0,0.4,0.5643,1.2245,1.4849,8.1215,-17.7704,438.1386,47.5159,-7696.41214,-1.218921
194.0,0.8,0.9222,2.5099,2.4129,9.7778,-5.0903,1470.5047,77.2123,-116298.76762,-1.192286
195.0,0.8,1.0307,2.9519,2.4693,16.0415,-5.7695,1504.0925,79.0164,-99324.300611,-1.24226
196.0,0.4,1.3627,3.5911,3.8156,17.8151,-11.0124,1113.1697,122.0978,-2223.783965,-1.431958
197.0,0.4,0.8688,2.0285,1.8928,5.2837,-4.8685,666.3833,60.5701,-8053.252196,-1.051197
198.0,0.4,1.0233,2.7114,2.0532,5.5261,-9.3671,778.861,65.7023,-2638.493443,-0.827615
199.0,0.4,0.7774,2.1669,1.6711,9.3016,-10.6058,540.3774,53.4758,-6132.723005,-1.025801
200.0,0.4,1.5277,2.9349,3.5194,18.6393,-3.4752,1100.4322,112.6195,-6151.911279,-1.694381
201.0,0.4,0.8562,2.1842,1.8931,14.2381,-7.7786,591.6863,60.5803,-8128.110357,-1.226158
202.0,0.4,0.8901,2.2953,2.5002,12.7187,-10.4975,723.3762,80.0076,-5536.447383,-1.352163
203.0,0.8,1.6841,3.8749,3.8878,13.9372,-9.6917,2536.7696,124.4097,-20718.929814,-1.215825
204.0,0.8,1.8796,4.2051,4.9812,17.9237,-0.2826,3043.4489,159.397,-586857.056179,-1.828835
205.0,0.4,1.5197,4.4481,2.9811,10.9259,-11.853,1071.3331,95.3962,-1153.737576,-0.943192
206.0,1.6,1.6494,4.776,4.4363,17.2802,-11.0868,5376.8647,141.9609,-241639.964757,-1.097817
207.0,0.4,0.7406,1.5123,2.0553,7.4687,-13.4474,613.3924,65.7686,-5616.977586,-1.339996
208.0,1.2,1.3119,3.7939,3.2895,13.1709,-12.3827,3076.226,105.2625,-110564.870933,-1.002094
209.0,1.4,2.1047,4.7352,4.9644,15.4131,-2.9244,5728.2569,158.8613,-345377.315784,-1.356862
210.0,0.4,0.7542,1.6164,1.765,14.6888,-13.0827,535.1665,56.4809,-6832.850648,-1.283399
211.0,0.4,0.5941,1.6082,1.6016,3.9768,-10.1305,522.9584,51.2518,-6550.25857,-0.875427
212.0,0.4,1.3927,3.8107,3.6727,15.3738,-11.9034,1111.4328,117.5276,-1730.364618,-1.288603
213.0,0.4,1.2434,2.1985,3.3172,19.7398,-8.5368,966.9532,106.1514,-4542.746228,-1.796708
214.0,0.8,1.321,3.747,2.7126,10.0003,-11.2424,1893.0307,86.802,-24653.993061,-0.927294
215.0,0.4,1.3675,3.1291,2.4894,13.0958,-7.2305,875.0349,79.6596,-3139.767949,-1.130269
216.0,0.4,0.7868,1.4823,1.4127,14.5175,-9.2487,479.1253,45.205,-8834.491487,-1.142305
217.0,0.4,1.3006,3.8794,2.934,18.8989,-2.8704,918.6203,93.8885,-8908.438831,-1.574198
218.0,0.4,1.0974,2.6111,3.1715,18.3173,-7.824,899.1633,101.4878,-5756.408417,-1.624508
219.0,0.8,1.557,3.6864,3.6572,20.3444,-7.5891,2265.1757,117.0304,-37592.871012,-1.379439
220.0,0.4,1.2087,2.3984,2.3668,11.1137,-1.9169,807.905,75.7369,-15165.274351,-1.443059
221.0,1.2,1.7023,4.8299,3.9903,8.9304,-12.0586,4414.5879,127.6908,-42998.822731,-0.778105
222.0,0.4,1.0357,2.3101,2.7395,15.4609,0.6768,805.2007,87.6652,63823.536808,-2.232937
223.0,0.4,1.0436,2.7784,2.3585,10.2575,-7.0888,762.3444,75.4732,-4935.880816,-1.192013
224.0,0.4,1.2074,2.4833,3.482,10.1834,-10.8829,1050.3156,111.4236,-2391.897298,-1.408939
225.0,0.4,0.6857,1.6904,1.6691,12.086,-14.2681,501.2249,53.4101,-6851.623624,-1.166107
226.0,0.4,0.8702,1.6092,1.7228,14.4781,-12.7393,562.2092,55.1307,-5409.536094,-1.250445
227.0,0.4,1.4014,3.7501,3.6813,13.5772,-4.8819,1132.0419,117.8011,-3826.579502,-1.45585
228.0,0.4,1.2189,3.3702,2.8449,21.389,-1.539,868.8711,91.0356,-20562.444395,-1.769349
229.0,0.4,0.7783,2.082,2.0712,18.1999,-13.8172,595.1519,66.2775,-6130.527943,-1.270628
230.0,0.4,0.9978,2.2926,2.7249,8.294,-5.5298,840.7933,87.1959,-6311.080472,-1.344675
231.0,1.2,1.2028,3.2064,2.8371,10.7485,-9.6747,2742.8635,90.7862,-161777.506145,-0.971993
232.0,0.4,0.6913,2.0074,1.5179,20.0453,-6.9726,466.3996,48.5713,-13929.979497,-1.17141
233.0,0.4,0.7612,1.6197,1.3547,15.0271,-6.0988,460.4093,43.3495,-13603.256187,-1.104139
234.0,0.4,0.9923,2.8527,1.8859,12.563,-10.6976,638.5206,60.3475,-3916.844296,-0.998481
235.0,0.4,0.9836,1.5345,1.6752,17.7778,-5.4311,582.094,53.6051,-10639.470798,-1.336257
236.0,1.4,1.5994,4.14,4.2576,21.3082,-12.2198,4413.1937,136.2432,-169835.453431,-1.2032
237.0,0.8,1.6881,4.2354,3.9766,14.684,-7.6407,2567.4484,127.2501,-25476.544844,-1.252588
238.0,0.8,1.5893,3.9037,4.5719,13.353,-10.8062,2781.7324,146.3002,-18417.794767,-1.256682
239.0,0.4,1.1821,2.865,2.2128,13.2184,-5.6908,759.0833,70.8094,-5413.675543,-1.174059
240.0,0.4,0.7192,1.3752,1.6616,19.1504,-0.5327,500.9158,53.1705,-188180.410004,-1.849667
241.0,0.4,1.2521,2.4955,3.1161,10.5705,-12.1559,983.3166,99.7151,-2138.436225,-1.338387
242.0,0.4,0.5156,1.0805,1.163,10.4067,-13.5432,357.1908,37.2174,-12422.945757,-1.130689
243.0,0.4,0.6312,1.4724,1.4989,13.4549,-5.7082,450.5067,47.965,-20939.194854,-1.304047
244.0,0.4,0.8973,2.4856,2.3079,7.5225,-8.3222,731.1316,73.8528,-4669.582936,-1.095909
245.0,0.4,1.363,3.9432,3.5708,18.882,0.0402,1061.9238,114.2651,564623.477749,-2.035765
246.0,0.4,1.2281,2.7374,3.4988,20.4382,-12.1101,996.3187,111.962,-3074.095954,-1.588711
247.0,0.4,0.7877,1.5148,2.2074,19.208,-16.6391,621.287,70.6367,-5966.695139,-1.596107
248.0,0.4,1.261,3.5678,2.7067,13.7144,-13.2579,883.7787,86.6136,-1869.144517,-1.078778
249.0,0.4,0.922,1.7965,2.2141,16.1793,-5.8863,667.4639,70.8508,-10930.847271,-1.568689
250.0,0.4,1.1337,2.3294,2.8599,10.5215,-3.1749,888.8328,91.5165,-10165.82953,-1.578443
251.0,0.4,0.8826,2.3511,1.5338,17.6231,-11.3787,527.249,49.0819,-5131.356484,-0.94711
252.0,0.8,1.6263,4.701,4.4327,9.2869,-12.3698,3048.6407,141.8454,-8782.568268,-0.839692
253.0,0.8,1.5025,3.9765,3.7138,20.6245,-2.6506,2253.1382,118.8423,-110138.824421,-1.627584
254.0,0.4,1.5007,3.8829,3.1298,13.6586,-14.0554,1051.1005,100.1524,-1211.157868,-1.07367
255.0,0.4,0.659,1.7447,1.9334,9.6019,-13.6272,550.9673,61.8696,-7222.862295,-1.217987
256.0,0.4,0.8742,2.2041,1.975,14.4264,-2.5669,612.2761,63.1986,-23737.657579,-1.515399
257.0,0.4,0.5395,1.1508,1.187,15.8228,-5.5437,364.0839,37.9843,-29295.893444,-1.226446
258.0,0.4,1.1272,1.9914,2.5236,15.2898,-0.3185,791.53,80.7539,-122101.960642,-1.922895
259.0,0.4,1.0572,2.7484,2.6582,11.1307,-2.0482,820.4991,85.064,-16984.088874,-1.592041
260.0,1.5,1.7584,4.6679,4.8176,16.6125,-3.6885,5498.678,154.1637,-499397.265097,-1.375124
261.0,1.2,2.0885,4.9708,4.8621,14.2828,-6.7506,4906.6729,155.5882,-79785.27781,-1.187976
262.0,0.8,1.6504,4.1548,4.2055,13.5069,-10.4286,2669.7042,134.5746,-18087.560946,-1.194474
263.0,0.8,1.6525,4.463,4.2574,18.1102,-12.7419,2597.9921,136.2378,-17369.395609,-1.252274
264.0,0.4,1.0595,1.5974,1.7384,18.2201,-10.9297,615.7166,55.6303,-4681.998464,-1.261677
265.0,0.8,1.2404,2.4449,3.0778,14.679,-11.5898,1878.2786,98.491,-38838.68622,-1.361488
266.0,0.4,1.2518,1.9711,2.2617,16.9012,-5.9284,774.7854,72.3729,-5894.554209,-1.419886
267.0,0.8,1.0227,2.801,2.3075,11.4763,-15.4617,1472.9554,73.8405,-33964.0948,-0.959677
268.0,0.8,1.3736,3.7228,3.7711,18.1873,-11.8688,2213.4164,120.6762,-28786.166164,-1.299971
269.0,0.4,0.5448,1.0721,1.439,20.3702,-4.3861,409.159,46.0471,-41514.640654,-1.541317
270.0,0.4,1.363,2.0276,2.7352,19.7371,-9.0118,892.2837,87.5269,-3518.872814,-1.59014
271.0,0.4,0.5889,1.5354,1.4169,18.8954,-12.1892,418.7647,45.3411,-11241.151453,-1.13156
272.0,0.4,1.0882,1.8517,2.3606,15.8672,-1.6467,746.3951,75.5397,-27071.023459,-1.771783
273.0,1.3,1.3614,3.8172,4.0387,17.9215,-11.2378,3761.5192,129.2396,-174570.513713,-1.189787
274.0,1.2,1.6652,4.7678,3.8165,8.6544,-13.4202,4274.5386,122.1295,-40383.309961,-0.746397
275.0,0.8,1.2604,3.5603,2.7471,9.2243,-14.8314,1888.2104,87.9074,-19315.774957,-0.885584
276.0,0.4,0.6241,1.6972,1.4812,4.5284,-6.3595,494.007,47.3971,-11414.56213,-0.962575
277.0,0.4,0.4536,0.904,1.0544,20.2236,-3.4535,313.8059,33.7403,-65569.5838,-1.30284
278.0,0.4,1.1475,2.8183,2.4572,20.2804,-1.7275,775.371,78.6292,-20943.707532,-1.625304
279.0,0.4,0.8823,2.0425,2.4863,7.986,-4.4826,750.8799,79.5632,-10351.613002,-1.410489
280.0,0.4,1.5372,3.8236,2.6343,10.2654,-8.8719,1000.3613,84.2975,-1699.501634,-0.956193
281.0,0.4,0.5287,1.4086,1.059,9.2449,-11.2835,343.8593,33.8887,-12511.449468,-0.904838
282.0,1.2,1.6043,4.0015,3.3552,20.4589,-13.0882,3267.7764,107.3653,-90495.899639,-1.061504
283.0,0.4,0.8838,1.4283,1.3751,8.8311,-16.8323,513.6583,44.0031,-3810.700345,-1.048859
284.0,0.4,1.5137,2.2768,2.9906,17.539,-8.2653,994.5724,95.6984,-2923.398977,-1.550315
285.0,0.4,0.6379,1.9119,1.8511,12.8528,-5.8302,519.8203,59.2342,-19456.424557,-1.381212
286.0,0.4,0.7744,1.7719,1.7218,13.3927,-11.8119,535.539,55.0971,-6750.337539,-1.192916
287.0,0.8,0.8505,2.5355,2.3642,10.2888,-11.124,1396.1924,75.6535,-61565.909824,-1.029546
288.0,0.4,0.4218,0.9431,1.2414,18.4327,-17.2144,338.8189,39.7253,-15472.120706,-1.245081
289.0,0.4,1.4807,2.9493,3.7253,21.028,-8.1489,1116.7941,119.2091,-3008.958946,-1.636368
290.0,0.4,1.016,2.2178,2.6061,20.7683,-11.1542,762.1039,83.394,-4934.241838,-1.493205
291.0,0.8,1.7123,4.3452,4.5383,14.5065,-1.2312,2830.9094,145.2249,-137985.146694,-1.598044
292.0,0.4,1.4762,3.6296,3.3417,12.3152,-14.5986,1099.4941,106.9347,-1151.427661,-1.113342
293.0,0.8,2.1403,4.4558,4.5563,17.5998,-7.738,3053.1196,145.8007,-17658.961994,-1.317477
294.0,0.4,0.546,1.2233,1.4627,17.5338,-0.5671,415.2125,46.807,-291524.677503,-1.850011
295.0,0.4,0.8399,2.0051,2.116,11.3605,-15.2938,637.3243,67.7111,-4194.532113,-1.224007
296.0,0.4,0.896,2.5818,2.393,8.8222,-3.6573,732.4438,76.5763,-11661.365996,-1.376001
297.0,1.3,1.376,3.6571,4.0273,19.0229,-8.6335,3747.9202,128.875,-234180.184444,-1.278116
298.0,0.4,1.027,2.6903,3.0725,12.5283,-0.9932,883.2378,98.321,-40286.754305,-1.949476
299.0,1.2,1.2339,3.4795,3.1725,16.9177,-6.5581,2849.9783,101.5188,-266570.546796,-1.192631
300.0,0.8,0.9127,2.3137,2.2115,17.9691,-13.226,1323.9512,70.7678,-57767.996812,-1.085713
301.0,0.4,1.1165,2.0594,2.9807,11.7562,-4.9313,895.1534,95.3835,-7787.650483,-1.693567
302.0,0.8,1.111,3.2051,2.6984,17.4857,-14.3146,1634.3279,86.3485,-35401.609556,-1.090206
303.0,0.4,0.5867,1.2783,1.467,6.0145,-6.9563,453.0044,46.9432,-16033.902556,-1.215386
304.0,0.4,1.1076,3.2081,2.0195,20.3023,-14.7522,681.8756,64.623,-2497.943709,-0.977071
305.0,0.4,1.4224,3.1796,4.1761,19.9677,1.4429,1190.5205,133.6362,16322.146704,-2.50098
306.0,0.8,0.8566,2.4828,1.969,12.2307,-11.8288,1225.1754,63.0081,-62248.611092,-0.945997
307.0,0.4,1.19,3.205,2.9255,17.9002,-4.1789,883.8516,93.6175,-7871.070544,-1.576586
308.0,0.4,0.6777,1.3244,1.3058,6.8283,-5.3248,444.7901,41.785,-17410.986522,-1.149365
309.0,0.4,1.598,3.9316,3.0167,13.1499,-14.7759,1065.1555,96.5335,-1022.401584,-1.006306
310.0,0.4,1.2829,3.7544,3.3775,17.7358,-5.1996,1003.0948,108.0794,-5154.860051,-1.573599
311.0,0.4,0.5344,1.4331,1.1478,10.6558,-12.1369,360.0536,36.7285,-11770.371309,-0.959452
312.0,1.2,1.4154,3.2552,2.9784,17.0577,-12.1912,2902.3711,95.3084,-120743.890224,-1.049355
313.0,0.4,1.5312,3.135,3.5318,12.9785,-8.2231,1144.3634,113.0188,-2126.936172,-1.360685
314.0,1.7,1.949,4.4161,4.835,19.8257,-12.4233,6373.4497,154.7197,-231143.700861,-1.189103
315.0,0.8,1.2042,3.5644,3.4242,9.5107,-13.2212,2138.3482,109.5753,-20611.190893,-0.976552
316.0,0.4,1.362,3.224,3.8881,20.7741,-11.6442,1112.8594,124.42,-2435.432005,-1.554576
317.0,0.4,0.9436,1.9285,1.9973,20.5354,-3.156,627.6187,63.9136,-19045.680463,-1.535506
318.0,1.3,2.0231,4.3361,4.8104,17.8028,-9.5151,4995.4778,153.9321,-102132.9562,-1.285695
319.0,0.8,1.2746,3.5829,3.0971,11.5459,-11.6877,1976.6597,99.1071,-26653.029445,-1.057478
320.0,0.4,0.4159,1.1902,1.2052,10.0404,-1.5281,335.9335,38.5661,-149937.349966,-1.462952
321.0,0.4,1.5722,3.7013,3.1524,18.7674,-2.1746,1045.1393,100.8761,-8086.31662,-1.499459
322.0,0.4,1.4421,2.7532,4.255,14.9602,-11.7829,1240.5833,136.1606,-1933.602794,-1.647205
323.0,0.4,0.8288,1.7126,1.483,5.8296,-9.8292,543.0794,47.4566,-5736.952429,-0.973433
324.0,1.4,1.4191,3.815,4.1953,13.8261,-11.2447,4351.178,134.2485,-180732.043437,-1.109007
325.0,0.4,0.6901,1.3019,1.6337,12.0027,-1.0352,495.2948,52.2775,-100543.541136,-1.755487
326.0,0.8,1.1519,3.0892,2.882,15.3583,-5.4824,1745.0647,92.2252,-84338.944435,-1.333173
327.0,0.4,0.4806,1.3273,1.4101,4.8884,-8.9971,416.7878,45.1218,-14680.898848,-1.034498
328.0,1.2,1.4009,2.9658,3.2001,18.5582,-13.9142,2997.4918,102.4029,-114203.06971,-1.151198
329.0,0.8,1.315,2.6558,3.9341,16.7474,-3.0506,2243.7113,125.8923,-136056.894811,-1.811463
330.0,1.6,1.6887,4.223,4.1522,16.7327,-9.5318,5195.6294,132.8705,-287200.992795,-1.123195
331.0,0.8,1.1365,2.6727,3.3903,17.7411,-10.6545,1910.3055,108.4883,-51758.130423,-1.425164
332.0,0.4,0.5324,1.3204,1.1627,10.1801,-15.6908,362.7674,37.2063,-9385.625958,-0.986795
333.0,0.4,0.9289,2.5433,1.8414,20.2244,-6.8105,595.3774,58.9245,-8057.708639,-1.184701
334.0,0.4,1.2796,3.6094,2.1796,16.3932,-14.5315,773.2826,69.7476,-1784.246655,-0.919037
335.0,1.2,1.6068,3.6969,4.7428,21.2406,-0.8631,4069.3115,151.7691,-1409327.820133,-1.854613
336.0,0.4,1.1684,2.7185,3.0843,16.7805,-10.5593,909.8235,98.6969,-3479.081036,-1.4586
337.0,0.8,1.116,2.6149,3.0873,16.719,-10.2313,1787.7231,98.7923,-53824.605021,-1.354552
338.0,0.4,1.3294,2.1209,3.2368,17.4165,-3.1063,985.0992,103.5768,-10264.362806,-1.930787
339.0,0.4,1.2684,2.3137,2.2512,20.7523,-7.6073,771.0407,72.0397,-4355.444448,-1.272898
340.0,0.4,1.2889,2.8547,3.6535,12.5804,-14.1554,1089.3371,116.9115,-1751.247736,-1.378913
341.0,0.4,0.9798,1.9999,1.5445,16.6368,-16.3218,558.4838,49.4245,-3178.277027,-0.952233
342.0,0.4,1.177,2.5521,2.8124,15.2168,-12.2629,865.1904,89.9974,-2873.086358,-1.360517
343.0,0.4,0.4261,1.2625,0.8832,15.4581,-13.5197,276.5884,28.2622,-15072.809679,-0.814195
344.0,0.4,0.5105,1.4647,1.2767,7.4118,-3.9445,384.5475,40.8537,-36124.595816,-1.181766
345.0,0.4,1.1869,2.127,2.0449,17.1792,-14.2639,713.6978,65.437,-2639.366157,-1.160453
346.0,0.4,0.9815,2.4489,1.8708,20.9651,-14.1066,615.4157,59.867,-3578.971738,-1.057185
347.0,0.4,0.7868,2.0879,1.8211,9.97,-3.874,569.3189,58.2751,-17173.183925,-1.325787
348.0,0.8,1.7371,4.2046,3.99,8.8881,-10.7281,2905.1914,127.6785,-11245.990888,-0.91438
349.0,0.8,0.8068,1.8276,1.783,18.5471,-15.1476,1099.4341,57.0548,-62845.452714,-1.003672
350.0,0.4,1.1208,2.9246,2.8999,7.4568,-0.2337,956.25,92.7958,-84007.173607,-1.454233
351.0,0.4,0.6615,1.3901,1.4319,8.8523,-1.5156,456.1472,45.8219,-65508.564657,-1.460812
352.0,0.8,0.8803,2.5612,2.2465,17.5737,-11.6594,1319.6658,71.8868,-66835.155204,-1.068433
353.0,0.4,0.9449,2.1957,2.25,9.5465,-4.0974,708.8757,72.0008,-11091.909559,-1.386847
354.0,0.4,0.7958,1.7413,1.5999,17.2823,-17.0511,513.8193,51.1957,-4618.651118,-1.111563
355.0,1.6,1.776,3.9614,4.3746,21.0986,-4.5704,5361.0724,139.9877,-619527.738199,-1.372193
356.0,0.4,0.5006,1.0738,1.4693,11.5462,-4.9528,408.0276,47.0185,-39115.277523,-1.477051
357.0,0.8,1.2263,2.64,3.4508,14.5409,-9.3998,2020.488,110.4254,-46883.410902,-1.429212
358.0,0.4,0.9701,2.4821,1.946,13.9052,-5.3006,637.88,62.2723,-8975.658905,-1.231526
359.0,1.3,1.7567,4.0092,4.6265,18.7171,-10.1717,4549.1227,148.0491,-128505.857321,-1.313634
360.0,0.4,0.9072,2.4097,2.1299,4.1866,-6.9875,813.8455,68.1583,-3114.811448,-0.749629
361.0,0.4,0.6042,1.2608,1.531,13.1339,-13.7032,448.5647,48.991,-10038.421571,-1.312898
362.0,1.3,1.6504,4.2762,3.7562,14.2762,-7.6322,3997.1294,120.1998,-164059.825161,-1.11669
363.0,0.4,1.0907,2.1285,2.8243,19.3134,-8.4404,827.8619,90.378,-5802.131747,-1.653353
364.0,0.8,1.523,3.352,3.2179,19.1778,-7.1731,2079.3247,102.9726,-41860.877708,-1.303295
365.0,0.4,0.7442,2.0496,2.1839,4.8149,-2.4458,704.2318,69.884,-15205.542716,-1.106963
366.0,0.4,1.1611,2.6772,2.0476,5.5428,-12.3741,828.1368,65.5232,-1749.852446,-0.805438
367.0,1.3,1.5306,3.4144,4.2866,20.9399,0.7822,4040.205,137.1723,2192477.817577,-1.918371
368.0,0.4,0.8986,1.6567,2.2225,8.4948,-7.8519,692.2596,71.1206,-6992.697169,-1.442003
369.0,1.3,1.4343,3.4586,3.3827,16.5457,-5.9819,3434.4091,108.2474,-306671.154454,-1.214042
370.0,0.4,1.2017,2.86,3.2637,13.6376,1.018,972.2013,104.4394,26761.622956,-2.166228
371.0,0.4,0.738,2.0203,1.8619,9.6715,-7.5112,562.9579,59.5796,-9963.395653,-1.215473
372.0,0.4,0.7915,2.026,1.5267,4.3435,-16.4014,581.4903,48.8534,-2674.480029,-0.753512
373.0,0.4,0.441,1.3078,1.1635,19.4165,-14.4978,330.1386,37.2328,-14983.334161,-0.991748
374.0,0.4,0.6039,1.3725,1.2349,12.2204,-5.5331,394.7978,39.5159,-22386.338867,-1.146492
375.0,0.4,1.5673,3.2116,3.6481,9.1056,-11.7045,1255.8917,116.7377,-1074.849555,-1.127516
376.0,0.4,0.4365,1.1464,0.9909,5.8384,-18.4302,310.7503,31.7088,-9866.09961,-0.874781
377.0,0.4,1.4959,2.7409,3.7381,15.8602,-9.362,1147.1947,119.6189,-2349.557402,-1.589441
378.0,0.4,1.2968,2.6581,1.8978,14.7272,-16.3626,725.7573,60.7297,-1736.009212,-0.894022
379.0,0.4,1.376,2.586,3.8214,12.7243,-3.3353,1149.1763,122.2842,-6853.405295,-1.763844
380.0,0.4,1.347,3.8558,3.0596,16.357,-13.211,968.0397,97.9066,-1723.03004,-1.163539
381.0,0.4,0.6447,1.3571,1.1816,17.0479,-12.5206,392.9097,37.811,-9215.940006,-1.025502
382.0,0.8,1.9995,4.0024,4.3547,21.4189,-4.5902,2811.9372,139.3508,-38405.564588,-1.516745
383.0,0.4,0.7135,1.9044,1.5177,8.5135,-3.5502,492.4638,48.5661,-21795.12906,-1.215123
384.0,1.2,1.3032,3.4033,3.5337,21.1378,-12.2867,3078.3013,113.0789,-143515.575934,-1.184306
385.0,0.4,1.5128,3.1241,3.3867,14.0772,-11.4053,1097.5668,108.376,-1661.420428,-1.305612
386.0,0.4,1.4831,2.4826,2.0793,11.4805,-15.1892,834.1655,66.5383,-1464.915796,-0.965046
387.0,0.4,0.5739,1.6549,1.1837,7.5929,-5.2693,386.2453,37.8775,-21495.587267,-1.012552
388.0,0.4,0.9117,1.895,1.5373,15.695,-9.9158,538.2187,49.1936,-5963.915874,-1.041115
389.0,0.4,1.1759,2.9498,2.4276,20.3138,-14.5774,778.4712,77.6826,-2409.819966,-1.150878
390.0,0.4,0.6427,1.4351,1.7008,9.8476,-5.4102,499.0437,54.427,-20613.457221,-1.413387
391.0,0.4,0.7233,1.8016,1.8966,13.0707,-10.4666,553.6972,60.69,-8774.993355,-1.290352
392.0,0.4,1.4941,3.1113,4.2444,14.7294,0.336,1261.233,135.8221,53805.466316,-2.071669
393.0,0.4,1.5106,2.1034,2.5632,20.1529,-8.7552,903.1406,82.0229,-2917.777229,-1.433592
394.0,0.4,0.8079,1.6029,1.345,8.5097,-13.9344,486.3832,43.0389,-4965.336835,-0.964569
395.0,0.4,1.544,3.4858,3.9629,11.4831,-5.7265,1268.073,126.8137,-2443.20403,-1.355074
396.0,0.8,1.3379,3.0781,3.7753,18.8651,-8.1798,2180.3041,120.8088,-48849.561445,-1.50163
397.0,0.4,0.8398,1.6087,1.418,6.5713,-10.3982,523.4527,45.3758,-5806.19186,-0.994314
398.0,0.8,2.313,4.7029,4.2416,10.6146,-9.1248,3362.3666,135.7304,-9625.859046,-0.988744
399.0,0.8,1.1759,3.4258,3.4655,7.9883,-5.3128,2217.7809,110.8968,-43476.1669,-1.035578
400.0,0.4,0.8826,2.3848,2.0929,17.5304,-6.9134,631.6027,66.9714,-9041.186047,-1.341215
401.0,1.2,1.5783,4.0796,4.6263,16.0407,-6.2809,4094.6636,148.0414,-165276.833194,-1.370645
402.0,0.4,0.7457,1.4366,1.6821,17.7821,-15.3213,513.5615,53.8269,-6387.064393,-1.332598
403.0,0.4,1.4436,2.2586,2.9633,18.6971,-9.3446,963.8105,94.8256,-2888.493535,-1.554445
404.0,0.4,0.734,1.923,2.0712,20.3055,-11.2696,579.7496,66.2783,-8996.702177,-1.366532
405.0,0.8,1.1062,3.042,3.014,9.5603,-7.8316,1865.5656,96.4481,-47681.850755,-1.122003
406.0,0.4,0.9519,1.8604,2.689,17.5691,-1.5688,763.2003,86.0479,-41431.951196,-2.08685
407.0,0.8,1.5917,4.461,3.3825,21.621,-6.8798,2176.1946,108.2404,-37262.658465,-1.273683
408.0,0.8,1.4157,3.2518,3.6169,15.6592,-9.345,2203.229,115.7416,-34264.639337,-1.342948
409.0,0.4,0.4423,1.0402,1.229,11.1564,-3.8102,346.7376,39.3266,-58476.242862,-1.333422
410.0,0.4,0.7269,1.4449,1.7758,13.9938,-11.604,529.8018,56.8262,-8580.259039,-1.393716
411.0,0.4,1.3988,2.9743,3.713,10.9238,-10.3876,1163.0771,118.8148,-1774.972669,-1.324048
412.0,0.4,0.7567,1.5981,1.582,19.7149,-2.3866,497.0423,50.6235,-37438.988022,-1.482578
413.0,0.4,1.2046,3.4615,3.3663,17.8695,-3.6364,974.4014,107.7207,-8803.159031,-1.748337
414.0,0.4,1.3782,4.0169,3.0595,9.1489,-9.7994,1071.2321,97.9027,-1466.011433,-0.965357
415.0,0.4,0.4621,1.2887,0.9473,20.744,-12.3441,296.9738,30.3128,-15056.962104,-0.873715
416.0,0.4,1.5351,2.6908,3.2595,18.572,-1.9482,1051.2938,104.3025,-10907.764223,-1.731193
417.0,0.4,1.599,2.6003,3.0606,12.3891,-3.7051,1068.8703,97.9377,-4777.109854,-1.464466
418.0,0.4,0.9881,2.477,2.4883,12.0186,-0.0541,756.3911,79.626,-767018.252027,-1.895589
419.0,0.8,1.4527,2.7573,2.7076,16.111,-10.4812,1855.4606,86.6417,-32108.904534,-1.164623
420.0,0.4,1.2562,3.0264,2.0614,11.5963,-15.6824,761.7841,65.9641,-1695.64303,-0.894295
421.0,0.4,0.8577,1.4964,2.1868,14.2824,-2.1169,646.1163,69.9772,-35989.606467,-1.894455
422.0,0.4,1.3141,2.5184,2.4301,17.197,-15.4069,826.6286,77.762,-1901.201137,-1.177285
423.0,0.4,0.718,1.5238,1.7655,9.518,-5.3624,536.3919,56.4955,-16530.807077,-1.394688
424.0,0.4,1.0828,2.6773,2.9763,7.1876,-11.7548,960.3392,95.2404,-1905.787936,-1.035475
425.0,0.4,0.7816,2.2253,1.5672,4.3001,-15.6313,598.0847,50.1512,-2552.320375,-0.702385
426.0,0.4,1.4751,3.9609,3.7994,18.9833,-13.8133,1141.8686,121.5808,-1474.938059,-1.317621
427.0,0.4,1.5682,3.5747,4.1237,12.4471,-7.326,1296.1596,131.9572,-1934.057892,-1.359053
428.0,0.4,1.4239,3.0326,3.2837,19.2073,-0.2511,1020.4212,105.0776,-90848.908015,-1.897661
429.0,0.4,0.6336,1.4072,1.1886,13.4434,-9.0622,393.6493,38.035,-12608.986794,-1.03191
430.0,0.4,1.2329,2.1924,2.6667,14.5689,-14.0682,855.3908,85.3337,-2418.573548,-1.397771
431.0,0.4,0.6384,1.2956,1.3714,12.843,-2.6531,429.5142,43.8839,-44503.965673,-1.408785
432.0,0.4,1.1842,1.9122,2.5394,12.988,0.3721,820.882,81.2599,87838.290619,-1.9585
433.0,0.4,0.4209,1.1236,1.0951,15.2158,-9.793,313.4273,35.0422,-23919.72182,-1.050839
434.0,0.4,1.4437,4.2011,3.2411,9.4043,-9.0084,1135.892,103.7136,-1414.053876,-0.982267
435.0,0.4,0.4943,1.3838,1.169,3.0571,-9.6842,406.7034,37.4088,-9688.061214,-0.765388
436.0,0.4,0.9168,1.5737,2.2362,15.1478,-13.3352,671.6903,71.5585,-5143.917045,-1.581264
437.0,0.8,1.4087,3.4066,3.0749,9.29,-6.8812,2132.1872,98.3976,-34459.520233,-1.068029
438.0,0.4,0.8541,2.2144,2.3047,5.7091,-14.9997,749.4932,73.7509,-2319.835325,-0.931227
439.0,1.3,2.0322,4.5003,4.5011,18.5953,-4.2668,4776.911,144.0362,-225695.852111,-1.364192
440.0,0.8,1.3477,2.5868,3.4428,20.0959,-1.4652,2046.3036,110.1681,-283884.398126,-1.849265
441.0,0.4,0.5525,1.4332,1.1366,8.3199,-8.3541,367.7109,36.3712,-15490.27664,-0.974818
442.0,0.4,0.4173,1.2312,0.8843,13.483,-12.995,275.0183,28.2981,-16139.39112,-0.823557
443.0,0.4,1.0519,1.9623,1.9033,11.8033,-10.0957,659.8135,60.9046,-4356.716224,-1.169109
444.0,0.8,1.6824,4.9738,3.5716,9.1819,-10.2816,2700.5078,114.2915,-11967.945825,-0.829393
445.0,0.8,1.1118,2.5668,2.265,9.4902,-7.0298,1541.3377,72.4811,-63821.492532,-1.061367
446.0,0.4,0.764,1.3929,1.5202,11.4217,-13.4089,497.4679,48.6464,-6402.996854,-1.221604
447.0,0.4,1.5904,3.0144,2.98,20.7971,-9.4813,1007.9079,95.3614,-2130.005561,-1.296948
448.0,0.4,0.6767,1.5897,1.6307,9.2663,-7.0085,498.5789,52.1833,-13515.276067,-1.248408
449.0,0.4,0.9633,2.7322,1.8851,6.5237,-14.4104,684.8789,60.3244,-2275.173262,-0.822244
450.0,0.4,0.9239,1.7406,2.3122,8.2434,-13.0329,722.2558,73.991,-3836.969509,-1.356755
451.0,0.4,1.1735,2.2328,3.1537,19.9805,-3.8366,913.9864,100.9198,-11118.423926,-1.902203
452.0,0.4,0.6043,1.2247,1.5935,11.3297,-6.9549,462.9223,50.9918,-19614.003932,-1.445614
453.0,1.4,2.0628,4.8881,4.8329,13.0346,-8.5571,5771.0789,154.6515,-108700.171317,-1.082689
454.0,0.4,1.3867,2.0859,2.0988,19.5991,-8.1965,778.7658,67.1625,-3552.740439,-1.215357
455.0,0.8,1.1609,3.3748,2.5993,14.9175,-10.9545,1646.486,83.1783,-39942.624826,-1.067686
456.0,0.4,1.4564,3.0944,2.5375,21.2007,-6.8668,881.8731,81.1999,-3367.208191,-1.201144
457.0,0.4,0.4486,1.2049,1.2436,17.6698,-16.109,347.2593,39.7939,-13739.400736,-1.077275
458.0,1.2,2.1202,4.5375,4.7483,20.183,-9.5549,4608.4574,151.9453,-72960.716837,-1.298018
459.0,1.2,1.4293,4.0646,3.9168,14.5294,-9.493,3550.5444,125.3392,-124734.106492,-1.154613
460.0,0.8,1.1139,2.6592,2.8612,8.0253,-13.7139,1847.0758,91.5575,-26291.003088,-1.014451
461.0,1.4,2.0396,4.2812,4.6118,20.351,-3.7623,5176.3861,147.5787,-354293.416526,-1.431531
462.0,0.8,1.2376,2.4211,2.5303,14.7201,-13.4683,1660.976,80.9704,-33551.071489,-1.166248
463.0,0.4,0.7864,1.6688,1.9912,8.2702,-10.3975,610.3373,63.7172,-6580.836344,-1.292391
464.0,0.8,1.7548,3.7824,3.192,17.9739,-8.8955,2228.35,102.1436,-24710.233254,-1.136662
465.0,0.8,2.0022,4.0358,3.6845,14.6851,-12.3759,2649.479,117.905,-12688.434649,-1.09841
466.0,0.4,0.6967,1.251,1.5734,10.5987,-5.166,488.7432,50.3477,-19998.802179,-1.454373
467.0,0.8,1.2637,2.649,2.6619,15.0308,-11.1118,1728.1258,85.1816,-37830.653749,-1.175179
468.0,0.4,1.4836,4.2503,4.2099,11.3801,-5.8533,1319.9446,134.7166,-2073.155796,-1.248719
469.0,0.4,1.5566,4.3196,2.8075,8.9348,-13.2982,1094.0629,89.8407,-902.104954,-0.823302
470.0,1.2,1.5909,4.1038,4.2574,11.7952,-8.3453,4069.8906,136.2368,-98723.146494,-1.110161
471.0,0.4,1.2193,2.8267,2.6132,11.7802,-2.2134,859.8065,83.6227,-12175.66425,-1.463481
472.0,0.4,1.5398,3.4326,3.7971,8.7367,-13.3262,1300.7242,121.508,-850.53137,-1.036546
473.0,0.4,0.9302,1.6053,1.9658,17.7134,-9.5755,620.7176,62.9067,-6857.621519,-1.451597
474.0,1.2,2.1192,4.7907,4.1971,12.882,-8.9012,4572.5832,134.308,-61604.156256,-1.043289
475.0,0.4,0.831,1.3881,1.9753,17.5219,-9.4351,593.0379,63.2096,-9176.149605,-1.618934
476.0,0.4,1.1372,2.573,2.2032,14.2336,-10.0855,738.0025,70.501,-3550.387598,-1.149191
477.0,0.8,1.2599,2.7354,3.7456,20.8741,-10.5078,2103.7742,119.8588,-46789.702534,-1.545129
478.0,0.4,1.3266,3.5852,3.2144,7.8633,-7.3609,1118.3715,102.8615,-1838.578421,-0.987272
479.0,0.8,1.1632,3.3323,2.8711,17.5242,-8.1913,1733.3884,91.8747,-56656.201566,-1.239924
480.0,0.4,0.5647,1.248,1.1874,12.9398,-6.4618,373.6157,37.9967,-22138.68172,-1.146692
481.0,0.4,1.4548,2.4027,3.3069,18.9913,-8.4572,1033.0587,105.82,-3122.216848,-1.651674
482.0,0.4,1.4073,2.8443,3.7934,10.8369,-7.1891,1182.7698,121.3889,-2559.962098,-1.430079
483.0,0.4,1.5531,3.9269,4.5857,11.8045,-11.0342,1411.9614,146.7416,-1082.93619,-1.207041
484.0,1.2,1.2927,3.4963,3.3585,16.4464,-12.0475,3022.2889,107.4716,-133524.9783,-1.099545
485.0,0.4,1.1062,2.1016,3.3133,17.4624,-1.4004,929.9667,106.0261,-34076.885621,-2.202085
486.0,1.3,1.4809,3.8441,3.6005,18.775,-10.9886,3591.4337,115.2153,-160218.254795,-1.130394
487.0,1.4,1.7157,4.6483,4.3716,18.8074,-8.9745,4686.281,139.8917,-185655.081713,-1.21271
488.0,0.4,1.5115,4.3032,3.5829,14.1673,-8.16,1148.2188,114.6526,-1917.736304,-1.248751
489.0,0.4,1.1788,1.7409,1.8555,15.4028,-3.7584,677.9971,59.375,-10359.231107,-1.332658
490.0,0.4,1.5455,4.5363,2.6929,15.0081,-11.2128,969.7553,86.1714,-1446.441247,-0.971218
491.0,0.4,0.9139,1.8862,2.6759,19.2823,-3.5323,746.1754,85.6297,-20819.267409,-1.923855
492.0,0.4,0.7348,1.6917,1.951,5.659,-4.6572,614.7551,62.4329,-12615.280969,-1.228073
493.0,0.4,0.7186,1.5001,2.0833,12.0582,-1.4666,589.2776,66.6664,-68309.239454,-1.911683
494.0,0.4,1.2923,3.235,3.4572,15.2453,-7.077,1032.2483,110.6302,-3687.264553,-1.478115
495.0,0.4,1.0663,2.1768,3.0532,15.1589,-2.4832,875.8082,97.701,-18858.461143,-1.937265
496.0,1.2,1.6953,3.9981,4.1269,21.655,-12.8606,3790.4346,132.0609,-86391.443669,-1.241152
497.0,1.4,1.7627,4.1259,4.3872,20.4035,-6.4551,4701.418,140.3916,-269808.471132,-1.34433
498.0,0.8,0.9108,2.6628,2.4145,13.0478,-12.0431,1426.8748,77.2647,-55832.195331,-1.06507
499.0,0.4,1.2743,2.5018,2.4572,16.7348,-8.4167,820.9984,78.6294,-3646.00246,-1.28034
